Record_ID,Date,Time,Day,Is_Weekend,Location,Latitude,Longitude,Weather,Traffic_Volume,Average_Speed_kmph,Accident_Count,Congestion_Score,Congestion_Level,Risk_Score,Risk_Level
1,2025-02-05,20:00,Wednesday,No,Old Bus Stand,15.3502,75.138,Cloudy,782,37.9,0,38.79,Moderate,32.16,Low
2,2025-02-23,22:00,Sunday,Yes,Old Bus Stand,15.3502,75.138,Clear,231,43.5,0,15.56,Low,13.02,Low
3,2025-02-17,02:00,Monday,No,Old Bus Stand,15.3502,75.138,Cloudy,592,39.6,0,30.93,Low,25.69,Low
4,2025-02-15,15:00,Saturday,Yes,MG Road Junction,15.3647,75.1239,Clear,457,48.3,0,20.57,Low,17.0,Low
5,2025-03-10,06:00,Monday,No,MG Road Junction,15.3647,75.1239,Cloudy,960,35.9,1,49.75,Moderate,46.79,Medium
6,2025-04-01,09:00,Tuesday,No,Hubballi Railway Station,15.3515,75.1387,Cloudy,1144,34.2,1,57.4,Moderate,53.09,Medium
7,2025-01-20,10:00,Monday,No,Airport Road,15.3705,75.096,Clear,756,34.9,0,39.77,Moderate,33.04,Low
8,2025-02-21,14:00,Friday,No,Hubballi Railway Station,15.3515,75.1387,Clear,386,45.4,0,19.89,Low,16.51,Low
9,2025-01-14,18:00,Tuesday,No,Gokul Road,15.3652,75.1106,Clear,1069,36.1,2,56.85,Moderate,58.19,Medium
10,2025-03-03,18:00,Monday,No,MG Road Junction,15.3647,75.1239,Clear,1316,32.4,0,61.35,High,50.76,Medium
11,2025-03-30,23:00,Sunday,Yes,Vidya Nagar,15.37,75.119,Clear,297,39.2,0,20.65,Low,17.29,Low
12,2025-01-06,10:00,Monday,No,Unkal Lake Road,15.373,75.1115,Clear,726,36.0,0,38.0,Moderate,31.56,Low
13,2025-03-12,05:00,Wednesday,No,Vidya Nagar,15.37,75.119,Cloudy,422,48.1,0,19.45,Low,16.09,Low
14,2025-02-02,01:00,Sunday,Yes,Unkal Lake Road,15.373,75.1115,Clear,217,42.4,0,15.76,Low,13.21,Low
15,2025-04-10,15:00,Thursday,No,MG Road Junction,15.3647,75.1239,Rain,678,40.2,0,33.62,Low,27.87,Low
16,2025-03-05,03:00,Wednesday,No,MG Road Junction,15.3647,75.1239,Clear,554,38.4,0,30.34,Low,25.23,Low
17,2025-04-29,21:00,Tuesday,No,MG Road Junction,15.3647,75.1239,Cloudy,1314,31.1,0,62.11,High,51.41,Medium
18,2025-04-12,09:00,Saturday,Yes,Hubballi Railway Station,15.3515,75.1387,Cloudy,745,37.3,0,37.85,Moderate,31.41,Low
19,2025-02-20,15:00,Thursday,No,Airport Road,15.3705,75.096,Clear,403,39.2,0,24.44,Low,20.39,Low
20,2025-02-09,19:00,Sunday,Yes,Unkal Lake Road,15.373,75.1115,Clear,591,36.8,0,32.68,Low,27.19,Low
21,2025-04-07,20:00,Monday,No,Airport Road,15.3705,75.096,Cloudy,775,34.8,1,43.85,Moderate,41.98,Medium
22,2025-02-19,08:00,Wednesday,No,Hubballi Railway Station,15.3515,75.1387,Clear,954,35.9,0,46.2,Moderate,38.28,Medium
23,2025-01-20,03:00,Monday,No,Hubballi Railway Station,15.3515,75.1387,Rain,697,37.3,0,36.14,Moderate,30.01,Low
24,2025-01-01,21:00,Wednesday,No,Keshwapur,15.3565,75.1325,Clear,1045,34.4,0,50.41,Moderate,41.75,Medium
25,2025-04-06,20:00,Sunday,Yes,Vidya Nagar,15.37,75.119,Rain,662,34.0,0,36.99,Moderate,30.79,Low
26,2025-02-01,03:00,Saturday,Yes,Vidya Nagar,15.37,75.119,Clear,445,46.9,0,21.04,Low,17.41,Low
27,2025-01-20,18:00,Monday,No,Gokul Road,15.3652,75.1106,Cloudy,975,35.2,0,47.4,Moderate,39.27,Medium
28,2025-02-15,02:00,Saturday,Yes,Old Bus Stand,15.3502,75.138,Cloudy,313,41.7,0,19.63,Low,16.39,Low
29,2025-04-17,14:00,Thursday,No,Hubballi Railway Station,15.3515,75.1387,Cloudy,393,38.8,1,27.67,Low,28.65,Low
30,2025-03-27,07:00,Thursday,No,Unkal Lake Road,15.373,75.1115,Clear,770,42.8,1,38.58,Moderate,37.47,Medium
31,2025-04-25,11:00,Friday,No,Keshwapur,15.3565,75.1325,Cloudy,449,40.7,1,28.46,Low,29.24,Low
32,2025-02-10,15:00,Monday,No,Keshwapur,15.3565,75.1325,Clear,498,39.0,0,27.96,Low,23.27,Low
33,2025-03-17,06:00,Monday,No,Old Bus Stand,15.3502,75.138,Cloudy,541,38.1,0,30.06,Low,25.02,Low
34,2025-01-08,21:00,Wednesday,No,Airport Road,15.3705,75.096,Clear,772,42.6,0,35.44,Moderate,29.31,Low
35,2025-04-24,22:00,Thursday,No,Old Bus Stand,15.3502,75.138,Rain,996,27.4,0,53.11,Moderate,44.14,Medium
36,2025-01-24,10:00,Friday,No,Old Bus Stand,15.3502,75.138,Clear,978,38.9,0,45.15,Moderate,37.34,Medium
37,2025-03-21,03:00,Friday,No,Old Bus Stand,15.3502,75.138,Rain,503,35.4,0,30.43,Low,25.38,Low
38,2025-02-22,19:00,Saturday,Yes,Vidya Nagar,15.37,75.119,Rain,551,30.8,1,38.4,Moderate,37.62,Medium
39,2025-03-05,16:00,Wednesday,No,Hubballi Railway Station,15.3515,75.1387,Rain,444,35.8,0,28.07,Low,23.44,Low
40,2025-01-27,22:00,Monday,No,Gokul Road,15.3652,75.1106,Clear,641,39.3,0,32.87,Low,27.28,Low
41,2025-03-28,04:00,Friday,No,Hubballi Railway Station,15.3515,75.1387,Clear,598,39.6,0,31.14,Low,25.86,Low
42,2025-04-03,06:00,Thursday,No,Airport Road,15.3705,75.096,Fog,206,36.7,0,19.0,Low,16.0,Low
43,2025-02-24,01:00,Monday,No,MG Road Junction,15.3647,75.1239,Clear,886,34.9,1,47.75,Moderate,45.17,Medium
44,2025-04-12,11:00,Saturday,Yes,Old Bus Stand,15.3502,75.138,Clear,425,39.2,0,25.22,Low,21.03,Low
45,2025-01-26,00:00,Sunday,Yes,Hubballi Railway Station,15.3515,75.1387,Cloudy,452,42.0,0,24.41,Low,20.29,Low
46,2025-04-09,11:00,Wednesday,No,Airport Road,15.3705,75.096,Cloudy,556,42.8,0,27.61,Low,22.89,Low
47,2025-03-27,21:00,Thursday,No,MG Road Junction,15.3647,75.1239,Clear,1353,24.1,0,67.95,High,56.36,Medium
48,2025-01-11,01:00,Saturday,Yes,MG Road Junction,15.3647,75.1239,Cloudy,520,46.3,0,24.1,Low,19.93,Low
49,2025-03-27,01:00,Thursday,No,Old Bus Stand,15.3502,75.138,Rain,722,18.6,2,55.6,Moderate,57.6,Medium
50,2025-04-28,16:00,Monday,No,Gokul Road,15.3652,75.1106,Clear,598,40.3,2,37.36,Moderate,42.15,Medium
51,2025-04-19,20:00,Saturday,Yes,Unkal Lake Road,15.373,75.1115,Rain,702,35.5,1,40.8,Moderate,39.47,Medium
52,2025-02-26,19:00,Wednesday,No,Vidya Nagar,15.37,75.119,Clear,889,33.7,0,45.28,Moderate,37.58,Medium
53,2025-03-31,03:00,Monday,No,Hubballi Railway Station,15.3515,75.1387,Clear,577,31.8,0,35.36,Moderate,29.5,Low
54,2025-02-27,22:00,Thursday,No,MG Road Junction,15.3647,75.1239,Clear,499,41.0,0,26.72,Low,22.21,Low
55,2025-03-03,14:00,Monday,No,Hubballi Railway Station,15.3515,75.1387,Clear,357,43.9,1,23.14,Low,24.81,Low
56,2025-04-17,12:00,Thursday,No,Unkal Lake Road,15.373,75.1115,Rain,461,32.3,0,30.9,Low,25.84,Low
57,2025-02-02,07:00,Sunday,Yes,Vidya Nagar,15.37,75.119,Clear,516,37.8,1,32.7,Low,32.78,Low
58,2025-01-02,10:00,Thursday,No,Unkal Lake Road,15.373,75.1115,Clear,745,41.9,0,34.93,Low,28.9,Low
59,2025-04-04,21:00,Friday,No,Vidya Nagar,15.37,75.119,Clear,647,39.8,0,32.76,Low,27.18,Low
60,2025-03-23,11:00,Sunday,Yes,Keshwapur,15.3565,75.1325,Cloudy,395,36.7,0,25.74,Low,21.52,Low
61,2025-03-08,01:00,Saturday,Yes,Vidya Nagar,15.37,75.119,Cloudy,125,48.1,0,8.85,Low,7.41,Low
62,2025-02-12,13:00,Wednesday,No,Old Bus Stand,15.3502,75.138,Clear,429,38.6,0,25.75,Low,21.47,Low
63,2025-04-19,21:00,Saturday,Yes,Gokul Road,15.3652,75.1106,Clear,847,33.6,0,43.85,Moderate,36.41,Medium
64,2025-02-17,01:00,Monday,No,Unkal Lake Road,15.373,75.1115,Rain,573,36.2,0,32.41,Low,26.99,Low
65,2025-03-04,12:00,Tuesday,No,MG Road Junction,15.3647,75.1239,Clear,618,40.2,0,31.48,Low,26.12,Low
66,2025-01-30,06:00,Thursday,No,Old Bus Stand,15.3502,75.138,Clear,531,39.3,0,28.94,Low,24.07,Low
67,2025-04-13,01:00,Sunday,Yes,Keshwapur,15.3565,75.1325,Clear,205,43.2,0,14.83,Low,12.42,Low
68,2025-04-26,17:00,Saturday,Yes,Gokul Road,15.3652,75.1106,Cloudy,912,34.8,0,45.4,Moderate,37.65,Medium
69,2025-03-07,19:00,Friday,No,Hubballi Railway Station,15.3515,75.1387,Clear,888,33.0,1,49.03,Moderate,46.26,Medium
70,2025-01-07,17:00,Tuesday,No,Old Bus Stand,15.3502,75.138,Clear,1180,36.6,0,53.82,Moderate,44.49,Medium
71,2025-01-09,09:00,Thursday,No,Unkal Lake Road,15.373,75.1115,Clear,805,31.0,0,44.0,Moderate,36.6,Medium
72,2025-03-24,13:00,Monday,No,Airport Road,15.3705,75.096,Fog,470,32.8,1,34.24,Low,34.17,Low
73,2025-02-11,11:00,Tuesday,No,Airport Road,15.3705,75.096,Clear,340,37.6,0,23.21,Low,19.42,Low
74,2025-04-07,13:00,Monday,No,MG Road Junction,15.3647,75.1239,Cloudy,395,46.5,0,19.51,Low,16.17,Low
75,2025-02-03,23:00,Monday,No,Vidya Nagar,15.37,75.119,Clear,254,43.6,0,16.32,Low,13.64,Low
76,2025-01-19,23:00,Sunday,Yes,MG Road Junction,15.3647,75.1239,Clear,227,40.7,0,17.2,Low,14.43,Low
77,2025-02-23,03:00,Sunday,Yes,Airport Road,15.3705,75.096,Cloudy,104,49.4,0,7.28,Low,6.09,Low
78,2025-02-12,08:00,Wednesday,No,Hubballi Railway Station,15.3515,75.1387,Clear,1125,23.8,0,60.01,High,49.87,Medium
79,2025-04-08,15:00,Tuesday,No,Keshwapur,15.3565,75.1325,Rain,709,34.7,0,38.22,Moderate,31.78,Low
80,2025-04-26,07:00,Saturday,Yes,Keshwapur,15.3565,75.1325,Rain,894,35.7,1,47.52,Moderate,44.97,Medium
81,2025-01-15,01:00,Wednesday,No,Unkal Lake Road,15.373,75.1115,Rain,485,37.3,0,28.57,Low,23.82,Low
82,2025-02-06,14:00,Thursday,No,Keshwapur,15.3565,75.1325,Clear,718,36.4,0,37.46,Moderate,31.11,Low
83,2025-02-14,20:00,Friday,No,Unkal Lake Road,15.373,75.1115,Cloudy,769,32.8,1,44.91,Moderate,42.9,Medium
84,2025-02-02,23:00,Sunday,Yes,Old Bus Stand,15.3502,75.138,Clear,410,46.9,1,23.12,Low,24.72,Low
85,2025-04-05,08:00,Saturday,Yes,Unkal Lake Road,15.373,75.1115,Rain,691,37.5,0,35.8,Moderate,29.72,Low
86,2025-02-01,19:00,Saturday,Yes,Old Bus Stand,15.3502,75.138,Cloudy,753,35.4,0,39.35,Moderate,32.68,Low
87,2025-04-04,03:00,Friday,No,Unkal Lake Road,15.373,75.1115,Rain,556,33.1,0,33.78,Low,28.18,Low
88,2025-01-16,19:00,Thursday,No,Airport Road,15.3705,75.096,Clear,651,44.1,0,30.17,Low,24.96,Low
89,2025-01-21,12:00,Tuesday,No,Airport Road,15.3705,75.096,Clear,269,46.5,0,15.01,Low,12.49,Low
90,2025-02-19,04:00,Wednesday,No,Vidya Nagar,15.37,75.119,Clear,485,34.4,0,30.42,Low,25.4,Low
91,2025-03-27,22:00,Thursday,No,Old Bus Stand,15.3502,75.138,Cloudy,416,41.7,0,23.31,Low,19.4,Low
92,2025-01-03,16:00,Friday,No,Gokul Road,15.3652,75.1106,Clear,491,40.5,0,26.75,Low,22.25,Low
93,2025-04-18,00:00,Friday,No,Old Bus Stand,15.3502,75.138,Clear,438,43.2,0,23.14,Low,19.23,Low
94,2025-02-26,23:00,Wednesday,No,Unkal Lake Road,15.373,75.1115,Cloudy,368,43.1,0,20.71,Low,17.24,Low
95,2025-02-18,00:00,Tuesday,No,Unkal Lake Road,15.373,75.1115,Cloudy,297,42.0,0,18.87,Low,15.76,Low
96,2025-03-26,11:00,Wednesday,No,Gokul Road,15.3652,75.1106,Clear,385,43.6,0,21.0,Low,17.46,Low
97,2025-04-23,07:00,Wednesday,No,MG Road Junction,15.3647,75.1239,Cloudy,912,34.0,0,45.91,Moderate,38.09,Medium
98,2025-03-04,07:00,Tuesday,No,Unkal Lake Road,15.373,75.1115,Clear,828,50.6,1,35.69,Moderate,34.91,Low
99,2025-02-18,10:00,Tuesday,No,Vidya Nagar,15.37,75.119,Clear,830,37.4,1,44.16,Moderate,42.17,Medium
100,2025-03-05,10:00,Wednesday,No,Keshwapur,15.3565,75.1325,Clear,1019,34.4,0,49.48,Moderate,40.99,Medium
101,2025-04-21,00:00,Monday,No,Keshwapur,15.3565,75.1325,Clear,583,47.6,0,25.52,Low,21.06,Low
102,2025-01-17,07:00,Friday,No,Hubballi Railway Station,15.3515,75.1387,Clear,924,30.2,0,48.76,Moderate,40.51,Medium
103,2025-03-12,18:00,Wednesday,No,Hubballi Railway Station,15.3515,75.1387,Cloudy,1171,31.9,0,56.49,Moderate,46.8,Medium
104,2025-01-18,10:00,Saturday,Yes,Keshwapur,15.3565,75.1325,Clear,700,34.9,0,37.77,Moderate,31.4,Low
105,2025-04-08,08:00,Tuesday,No,Keshwapur,15.3565,75.1325,Clear,879,38.8,0,41.68,Moderate,34.5,Low
106,2025-01-16,18:00,Thursday,No,Airport Road,15.3705,75.096,Rain,955,28.3,0,51.08,Moderate,42.45,Medium
107,2025-03-16,20:00,Sunday,Yes,Vidya Nagar,15.37,75.119,Clear,732,40.6,0,35.29,Moderate,29.23,Low
108,2025-04-05,22:00,Saturday,Yes,Gokul Road,15.3652,75.1106,Clear,320,45.8,1,20.61,Low,22.7,Low
109,2025-03-29,00:00,Saturday,Yes,Hubballi Railway Station,15.3515,75.1387,Cloudy,456,45.0,0,22.64,Low,18.77,Low
110,2025-04-01,22:00,Tuesday,No,Airport Road,15.3705,75.096,Rain,334,40.6,0,21.08,Low,17.61,Low
111,2025-01-09,08:00,Thursday,No,Airport Road,15.3705,75.096,Cloudy,699,37.8,0,35.89,Moderate,29.79,Low
112,2025-03-19,15:00,Wednesday,No,Gokul Road,15.3652,75.1106,Cloudy,268,38.8,0,19.87,Low,16.66,Low
113,2025-02-02,11:00,Sunday,Yes,Airport Road,15.3705,75.096,Rain,287,43.2,0,17.75,Low,14.82,Low
114,2025-01-21,22:00,Tuesday,No,Old Bus Stand,15.3502,75.138,Clear,568,46.1,0,25.94,Low,21.44,Low
115,2025-04-13,06:00,Sunday,Yes,Vidya Nagar,15.37,75.119,Rain,123,37.6,0,15.46,Low,13.08,Low
116,2025-03-14,23:00,Friday,No,Keshwapur,15.3565,75.1325,Clear,684,41.8,1,36.15,Moderate,35.51,Medium
117,2025-02-03,12:00,Monday,No,Unkal Lake Road,15.373,75.1115,Rain,578,30.6,0,36.16,Moderate,30.19,Low
118,2025-03-31,10:00,Monday,No,Gokul Road,15.3652,75.1106,Clear,694,39.6,1,37.9,Moderate,37.0,Medium
119,2025-04-24,19:00,Thursday,No,Keshwapur,15.3565,75.1325,Cloudy,1262,32.8,0,59.17,Moderate,48.96,Medium
120,2025-03-20,23:00,Thursday,No,Keshwapur,15.3565,75.1325,Clear,798,35.7,0,40.76,Moderate,33.83,Low
121,2025-04-26,13:00,Saturday,Yes,MG Road Junction,15.3647,75.1239,Cloudy,377,43.4,0,20.84,Low,17.34,Low
122,2025-03-07,10:00,Friday,No,Old Bus Stand,15.3502,75.138,Clear,842,40.2,0,39.47,Moderate,32.66,Low
123,2025-02-10,00:00,Monday,No,Gokul Road,15.3652,75.1106,Rain,823,31.6,1,47.6,Moderate,45.13,Medium
124,2025-04-21,20:00,Monday,No,Airport Road,15.3705,75.096,Rain,799,29.6,0,44.68,Moderate,37.19,Medium
125,2025-03-03,21:00,Monday,No,Unkal Lake Road,15.373,75.1115,Clear,796,32.5,0,42.73,Moderate,35.52,Medium
126,2025-04-23,02:00,Wednesday,No,Gokul Road,15.3652,75.1106,Rain,759,31.3,0,42.17,Moderate,35.09,Medium
127,2025-02-12,20:00,Wednesday,No,Airport Road,15.3705,75.096,Cloudy,698,34.0,0,38.28,Moderate,31.84,Low
128,2025-01-21,22:00,Tuesday,No,Keshwapur,15.3565,75.1325,Cloudy,419,40.9,0,23.93,Low,19.93,Low
129,2025-04-28,06:00,Monday,No,Unkal Lake Road,15.373,75.1115,Clear,233,43.0,0,15.95,Low,13.35,Low
130,2025-01-17,13:00,Friday,No,Airport Road,15.3705,75.096,Clear,276,47.5,1,17.96,Low,20.48,Low
131,2025-02-06,06:00,Thursday,No,Vidya Nagar,15.37,75.119,Clear,374,43.3,0,20.79,Low,17.3,Low
132,2025-04-29,10:00,Tuesday,No,Airport Road,15.3705,75.096,Clear,554,50.8,0,22.45,Low,18.47,Low
133,2025-01-17,08:00,Friday,No,MG Road Junction,15.3647,75.1239,Rain,983,21.8,0,56.21,Moderate,46.81,Medium
134,2025-01-09,14:00,Thursday,No,Old Bus Stand,15.3502,75.138,Clear,491,42.7,0,25.35,Low,21.05,Low
135,2025-02-13,06:00,Thursday,No,Keshwapur,15.3565,75.1325,Rain,330,36.8,0,23.36,Low,19.56,Low
136,2025-03-20,09:00,Thursday,No,Airport Road,15.3705,75.096,Clear,589,36.3,1,36.26,Moderate,35.73,Medium
137,2025-03-03,20:00,Monday,No,Old Bus Stand,15.3502,75.138,Clear,1299,30.6,1,65.22,High,59.58,Medium
138,2025-02-05,23:00,Wednesday,No,Hubballi Railway Station,15.3515,75.1387,Cloudy,446,41.6,0,24.45,Low,20.33,Low
139,2025-04-27,06:00,Sunday,Yes,Hubballi Railway Station,15.3515,75.1387,Rain,439,41.5,0,24.26,Low,20.18,Low
140,2025-01-24,11:00,Friday,No,Old Bus Stand,15.3502,75.138,Clear,437,42.5,1,26.88,Low,27.91,Low
141,2025-02-12,12:00,Wednesday,No,Old Bus Stand,15.3502,75.138,Clear,439,39.4,1,28.93,Low,29.66,Low
142,2025-01-04,23:00,Saturday,Yes,MG Road Junction,15.3647,75.1239,Clear,490,42.8,0,25.25,Low,20.96,Low
143,2025-03-22,03:00,Saturday,Yes,Vidya Nagar,15.37,75.119,Clear,375,42.1,0,21.59,Low,17.99,Low
144,2025-03-15,05:00,Saturday,Yes,Keshwapur,15.3565,75.1325,Clear,300,39.5,0,20.57,Low,17.22,Low
145,2025-04-16,12:00,Wednesday,No,Gokul Road,15.3652,75.1106,Clear,443,41.1,1,27.99,Low,28.85,Low
146,2025-04-05,22:00,Saturday,Yes,MG Road Junction,15.3647,75.1239,Clear,600,40.9,0,30.39,Low,25.21,Low
147,2025-04-27,12:00,Sunday,Yes,Vidya Nagar,15.37,75.119,Cloudy,139,46.4,0,10.43,Low,8.75,Low
148,2025-03-11,22:00,Tuesday,No,Old Bus Stand,15.3502,75.138,Clear,478,42.9,0,24.76,Low,20.56,Low
149,2025-01-23,12:00,Thursday,No,Gokul Road,15.3652,75.1106,Clear,491,39.3,0,27.52,Low,22.9,Low
150,2025-02-14,03:00,Friday,No,Old Bus Stand,15.3502,75.138,Clear,377,44.2,0,20.33,Low,16.9,Low
151,2025-04-18,04:00,Friday,No,Old Bus Stand,15.3502,75.138,Cloudy,470,42.2,1,28.25,Low,29.04,Low
152,2025-02-19,07:00,Wednesday,No,Hubballi Railway Station,15.3515,75.1387,Rain,980,30.4,0,50.63,Moderate,42.04,Medium
153,2025-03-13,18:00,Thursday,No,Hubballi Railway Station,15.3515,75.1387,Clear,1136,33.0,1,57.88,Moderate,53.51,Medium
154,2025-03-17,19:00,Monday,No,Gokul Road,15.3652,75.1106,Cloudy,815,45.8,0,34.94,Low,28.82,Low
155,2025-04-20,09:00,Sunday,Yes,MG Road Junction,15.3647,75.1239,Clear,966,39.6,1,47.61,Moderate,44.94,Medium
156,2025-04-24,17:00,Thursday,No,Hubballi Railway Station,15.3515,75.1387,Clear,1035,35.4,1,52.75,Moderate,49.25,Medium
157,2025-04-19,12:00,Saturday,Yes,Keshwapur,15.3565,75.1325,Clear,293,40.9,0,19.43,Low,16.25,Low
158,2025-03-08,13:00,Saturday,Yes,Old Bus Stand,15.3502,75.138,Clear,238,43.7,0,15.69,Low,13.11,Low
159,2025-04-23,05:00,Wednesday,No,Unkal Lake Road,15.373,75.1115,Cloudy,479,48.1,0,21.49,Low,17.75,Low
160,2025-02-03,03:00,Monday,No,Airport Road,15.3705,75.096,Rain,394,35.5,0,26.47,Low,22.14,Low
161,2025-02-13,19:00,Thursday,No,Gokul Road,15.3652,75.1106,Clear,838,36.2,0,41.87,Moderate,34.73,Low
162,2025-03-10,11:00,Monday,No,Gokul Road,15.3652,75.1106,Cloudy,616,38.9,1,35.56,Moderate,35.1,Medium
163,2025-02-26,19:00,Wednesday,No,Hubballi Railway Station,15.3515,75.1387,Cloudy,916,37.3,1,47.29,Moderate,44.74,Medium
164,2025-03-24,13:00,Monday,No,MG Road Junction,15.3647,75.1239,Clear,503,39.5,0,27.82,Low,23.14,Low
165,2025-02-26,10:00,Wednesday,No,Old Bus Stand,15.3502,75.138,Clear,1087,34.2,1,55.37,Moderate,51.42,Medium
166,2025-03-11,07:00,Tuesday,No,Keshwapur,15.3565,75.1325,Clear,921,34.1,0,46.17,Moderate,38.29,Medium
167,2025-03-05,17:00,Wednesday,No,MG Road Junction,15.3647,75.1239,Clear,1351,35.2,1,64.15,High,58.58,Medium
168,2025-03-26,22:00,Wednesday,No,Vidya Nagar,15.37,75.119,Clear,307,41.2,0,19.74,Low,16.49,Low
169,2025-03-04,08:00,Tuesday,No,Vidya Nagar,15.37,75.119,Clear,785,41.4,0,36.67,Moderate,30.34,Low
170,2025-04-04,05:00,Friday,No,Unkal Lake Road,15.373,75.1115,Clear,355,40.9,0,21.64,Low,18.06,Low
171,2025-02-28,16:00,Friday,No,Hubballi Railway Station,15.3515,75.1387,Cloudy,584,36.8,0,32.43,Low,26.98,Low
172,2025-02-28,08:00,Friday,No,Hubballi Railway Station,15.3515,75.1387,Cloudy,1174,29.5,0,58.13,Moderate,48.19,Medium
173,2025-02-24,10:00,Monday,No,Hubballi Railway Station,15.3515,75.1387,Fog,1001,19.8,1,61.46,High,56.76,Medium
174,2025-04-22,16:00,Tuesday,No,Unkal Lake Road,15.373,75.1115,Clear,354,45.0,0,19.0,Low,15.79,Low
175,2025-04-22,11:00,Tuesday,No,Vidya Nagar,15.37,75.119,Cloudy,231,40.3,1,20.93,Low,23.1,Low
176,2025-02-10,12:00,Monday,No,MG Road Junction,15.3647,75.1239,Rain,654,32.8,0,37.47,Moderate,31.21,Low
177,2025-03-15,16:00,Saturday,Yes,Unkal Lake Road,15.373,75.1115,Cloudy,218,48.1,1,15.5,Low,18.46,Low
178,2025-02-23,10:00,Sunday,Yes,Unkal Lake Road,15.373,75.1115,Clear,642,42.4,0,30.93,Low,25.62,Low
179,2025-01-30,13:00,Thursday,No,MG Road Junction,15.3647,75.1239,Cloudy,456,36.2,0,28.24,Low,23.57,Low
180,2025-03-03,15:00,Monday,No,Hubballi Railway Station,15.3515,75.1387,Clear,461,43.1,0,24.03,Low,19.95,Low
181,2025-03-01,18:00,Saturday,Yes,Keshwapur,15.3565,75.1325,Clear,551,45.2,0,25.9,Low,21.44,Low
182,2025-01-28,00:00,Tuesday,No,MG Road Junction,15.3647,75.1239,Clear,247,42.2,0,16.96,Low,14.19,Low
183,2025-01-14,05:00,Tuesday,No,Vidya Nagar,15.37,75.119,Cloudy,623,41.7,0,30.7,Low,25.45,Low
184,2025-02-22,09:00,Saturday,Yes,Gokul Road,15.3652,75.1106,Clear,755,33.4,0,40.69,Moderate,33.83,Low
185,2025-01-29,11:00,Wednesday,No,Old Bus Stand,15.3502,75.138,Rain,663,35.7,0,35.95,Moderate,29.89,Low
186,2025-01-28,15:00,Tuesday,No,Gokul Road,15.3652,75.1106,Cloudy,348,43.9,0,19.48,Low,16.22,Low
187,2025-03-25,06:00,Tuesday,No,Airport Road,15.3705,75.096,Clear,423,45.0,0,21.46,Low,17.81,Low
188,2025-03-09,23:00,Sunday,Yes,Airport Road,15.3705,75.096,Rain,451,39.4,0,26.02,Low,21.68,Low
189,2025-03-04,07:00,Tuesday,No,Unkal Lake Road,15.373,75.1115,Clear,652,33.9,0,36.7,Moderate,30.55,Low
190,2025-02-17,08:00,Monday,No,Old Bus Stand,15.3502,75.138,Fog,823,29.6,1,48.87,Moderate,46.22,Medium
191,2025-03-19,05:00,Wednesday,No,Gokul Road,15.3652,75.1106,Clear,373,48.8,2,23.92,Low,30.94,Low
192,2025-03-05,08:00,Wednesday,No,Keshwapur,15.3565,75.1325,Clear,896,27.3,0,49.61,Moderate,41.27,Medium
193,2025-04-14,17:00,Monday,No,Hubballi Railway Station,15.3515,75.1387,Cloudy,1069,37.6,0,49.23,Moderate,40.71,Medium
194,2025-01-24,11:00,Friday,No,Vidya Nagar,15.37,75.119,Cloudy,409,49.0,0,18.42,Low,15.22,Low
195,2025-02-23,19:00,Sunday,Yes,Airport Road,15.3705,75.096,Cloudy,682,33.0,0,38.34,Moderate,31.92,Low
196,2025-03-10,04:00,Monday,No,Keshwapur,15.3565,75.1325,Fog,357,32.6,0,27.0,Low,22.64,Low
197,2025-01-30,02:00,Thursday,No,Vidya Nagar,15.37,75.119,Cloudy,278,46.4,1,18.73,Low,21.14,Low
198,2025-04-01,00:00,Tuesday,No,Vidya Nagar,15.37,75.119,Cloudy,405,39.1,0,24.57,Low,20.5,Low
199,2025-01-01,01:00,Wednesday,No,Hubballi Railway Station,15.3515,75.1387,Rain,373,43.5,0,20.63,Low,17.17,Low
200,2025-01-27,17:00,Monday,No,Old Bus Stand,15.3502,75.138,Cloudy,1124,37.2,0,51.44,Moderate,42.53,Medium
201,2025-04-05,11:00,Saturday,Yes,Unkal Lake Road,15.373,75.1115,Clear,298,38.5,0,21.14,Low,17.7,Low
202,2025-03-08,05:00,Saturday,Yes,Gokul Road,15.3652,75.1106,Rain,442,34.1,0,29.08,Low,24.31,Low
203,2025-02-05,14:00,Wednesday,No,Hubballi Railway Station,15.3515,75.1387,Clear,439,45.2,0,21.9,Low,18.17,Low
204,2025-03-15,07:00,Saturday,Yes,Keshwapur,15.3565,75.1325,Cloudy,820,40.0,0,38.81,Moderate,32.13,Low
205,2025-04-12,08:00,Saturday,Yes,Unkal Lake Road,15.373,75.1115,Rain,789,41.4,0,36.81,Moderate,30.46,Low
206,2025-03-11,05:00,Tuesday,No,Keshwapur,15.3565,75.1325,Cloudy,418,38.9,0,25.16,Low,20.99,Low
207,2025-02-18,01:00,Tuesday,No,Unkal Lake Road,15.373,75.1115,Cloudy,432,48.1,0,19.81,Low,16.38,Low
208,2025-02-14,20:00,Friday,No,Old Bus Stand,15.3502,75.138,Cloudy,1147,29.1,0,57.42,Moderate,47.62,Medium
209,2025-03-13,03:00,Thursday,No,Airport Road,15.3705,75.096,Clear,370,45.1,0,19.51,Low,16.2,Low
210,2025-04-26,17:00,Saturday,Yes,Keshwapur,15.3565,75.1325,Rain,834,35.4,1,45.57,Moderate,43.38,Medium
211,2025-03-12,15:00,Wednesday,No,Hubballi Railway Station,15.3515,75.1387,Clear,550,28.7,0,36.37,Moderate,30.41,Low
212,2025-03-14,05:00,Friday,No,Unkal Lake Road,15.373,75.1115,Clear,258,48.2,0,13.54,Low,11.24,Low
213,2025-03-01,23:00,Saturday,Yes,Unkal Lake Road,15.373,75.1115,Clear,295,49.6,0,13.97,Low,11.56,Low
214,2025-04-06,14:00,Sunday,Yes,Vidya Nagar,15.37,75.119,Clear,289,48.5,1,17.78,Low,20.32,Low
215,2025-02-04,19:00,Tuesday,No,Vidya Nagar,15.37,75.119,Clear,809,45.4,0,34.98,Low,28.86,Low
216,2025-01-09,10:00,Thursday,No,MG Road Junction,15.3647,75.1239,Rain,897,34.9,0,44.81,Moderate,37.16,Medium
217,2025-01-06,02:00,Monday,No,Keshwapur,15.3565,75.1325,Clear,316,41.6,0,19.81,Low,16.54,Low
218,2025-01-17,16:00,Friday,No,Vidya Nagar,15.37,75.119,Clear,348,48.3,0,16.68,Low,13.82,Low
219,2025-02-01,22:00,Saturday,Yes,MG Road Junction,15.3647,75.1239,Clear,537,38.5,1,33.0,Low,33.01,Low
220,2025-01-13,05:00,Monday,No,Airport Road,15.3705,75.096,Clear,365,43.5,0,20.35,Low,16.93,Low
221,2025-04-07,23:00,Monday,No,Airport Road,15.3705,75.096,Cloudy,429,45.6,0,21.29,Low,17.65,Low
222,2025-01-09,05:00,Thursday,No,Vidya Nagar,15.37,75.119,Clear,550,42.5,0,27.58,Low,22.88,Low
223,2025-03-22,10:00,Saturday,Yes,Keshwapur,15.3565,75.1325,Clear,745,43.5,0,33.91,Low,28.03,Low
224,2025-04-27,15:00,Sunday,Yes,Unkal Lake Road,15.373,75.1115,Clear,303,53.9,0,11.51,Low,9.45,Low
225,2025-04-02,07:00,Wednesday,No,Gokul Road,15.3652,75.1106,Clear,812,32.6,0,43.24,Moderate,35.93,Medium
226,2025-01-26,08:00,Sunday,Yes,Old Bus Stand,15.3502,75.138,Clear,1037,32.9,0,51.08,Moderate,42.34,Medium
227,2025-02-17,19:00,Monday,No,Keshwapur,15.3565,75.1325,Clear,766,39.1,0,37.46,Moderate,31.04,Low
228,2025-01-08,18:00,Wednesday,No,Old Bus Stand,15.3502,75.138,Cloudy,1043,32.2,0,51.73,Moderate,42.89,Medium
229,2025-04-15,15:00,Tuesday,No,Hubballi Railway Station,15.3515,75.1387,Rain,734,32.9,1,43.59,Moderate,41.82,Medium
230,2025-03-16,18:00,Sunday,Yes,Airport Road,15.3705,75.096,Clear,638,42.6,0,30.66,Low,25.39,Low
231,2025-01-28,11:00,Tuesday,No,Vidya Nagar,15.37,75.119,Fog,270,39.0,0,19.82,Low,16.61,Low
232,2025-04-28,03:00,Monday,No,Vidya Nagar,15.37,75.119,Clear,356,44.2,0,19.58,Low,16.29,Low
233,2025-03-23,11:00,Sunday,Yes,Old Bus Stand,15.3502,75.138,Clear,267,45.0,0,15.89,Low,13.25,Low
234,2025-04-13,02:00,Sunday,Yes,Unkal Lake Road,15.373,75.1115,Fog,100,37.8,0,14.51,Low,12.3,Low
235,2025-02-27,01:00,Thursday,No,Old Bus Stand,15.3502,75.138,Clear,504,46.9,0,23.14,Low,19.14,Low
236,2025-03-24,18:00,Monday,No,Hubballi Railway Station,15.3515,75.1387,Rain,1062,35.5,1,53.65,Moderate,49.98,Medium
237,2025-03-05,22:00,Wednesday,No,Unkal Lake Road,15.373,75.1115,Clear,529,45.0,0,25.24,Low,20.9,Low
238,2025-01-07,02:00,Tuesday,No,Hubballi Railway Station,15.3515,75.1387,Clear,583,35.6,0,33.15,Low,27.61,Low
239,2025-03-14,06:00,Friday,No,Gokul Road,15.3652,75.1106,Clear,478,40.6,1,29.56,Low,30.15,Low
240,2025-03-18,19:00,Tuesday,No,Airport Road,15.3705,75.096,Cloudy,666,39.9,0,33.38,Low,27.68,Low
241,2025-01-21,08:00,Tuesday,No,Vidya Nagar,15.37,75.119,Cloudy,823,33.3,0,43.18,Moderate,35.87,Medium
242,2025-03-23,15:00,Sunday,Yes,Vidya Nagar,15.37,75.119,Cloudy,286,44.5,1,20.22,Low,22.41,Low
243,2025-03-11,07:00,Tuesday,No,Gokul Road,15.3652,75.1106,Clear,954,35.4,0,46.52,Moderate,38.55,Medium
244,2025-04-19,06:00,Saturday,Yes,MG Road Junction,15.3647,75.1239,Clear,688,43.2,0,32.06,Low,26.53,Low
245,2025-04-10,09:00,Thursday,No,Airport Road,15.3705,75.096,Clear,571,38.4,0,30.94,Low,25.73,Low
246,2025-01-27,16:00,Monday,No,Unkal Lake Road,15.373,75.1115,Clear,351,48.0,0,16.98,Low,14.07,Low
247,2025-03-17,02:00,Monday,No,Gokul Road,15.3652,75.1106,Rain,689,30.0,0,40.5,Moderate,33.76,Low
248,2025-04-16,00:00,Wednesday,No,Unkal Lake Road,15.373,75.1115,Clear,326,40.4,0,20.93,Low,17.48,Low
249,2025-03-24,01:00,Monday,No,Old Bus Stand,15.3502,75.138,Rain,828,30.4,1,48.54,Moderate,45.93,Medium
250,2025-04-02,14:00,Wednesday,No,Keshwapur,15.3565,75.1325,Rain,658,34.4,0,36.59,Moderate,30.45,Low
251,2025-03-01,22:00,Saturday,Yes,Vidya Nagar,15.37,75.119,Clear,232,35.2,0,20.88,Low,17.57,Low
252,2025-03-10,02:00,Monday,No,Unkal Lake Road,15.373,75.1115,Cloudy,391,44.6,0,20.57,Low,17.09,Low
253,2025-01-11,22:00,Saturday,Yes,Hubballi Railway Station,15.3515,75.1387,Clear,285,51.0,1,16.05,Low,18.84,Low
254,2025-03-16,11:00,Sunday,Yes,Unkal Lake Road,15.373,75.1115,Clear,203,47.9,1,15.1,Low,18.13,Low
255,2025-04-02,07:00,Wednesday,No,Keshwapur,15.3565,75.1325,Clear,882,35.4,1,47.29,Moderate,44.78,Medium
256,2025-04-10,17:00,Thursday,No,Airport Road,15.3705,75.096,Cloudy,836,32.5,1,47.49,Moderate,45.02,Medium
257,2025-01-26,23:00,Sunday,Yes,Vidya Nagar,15.37,75.119,Clear,403,35.4,0,26.86,Low,22.46,Low
258,2025-02-12,08:00,Wednesday,No,Old Bus Stand,15.3502,75.138,Clear,969,28.5,1,54.78,Moderate,51.08,Medium
259,2025-02-06,16:00,Thursday,No,Gokul Road,15.3652,75.1106,Clear,579,39.8,0,30.34,Low,25.2,Low
260,2025-03-27,09:00,Thursday,No,Old Bus Stand,15.3502,75.138,Clear,1010,43.0,0,43.68,Moderate,36.04,Medium
261,2025-02-25,07:00,Tuesday,No,Keshwapur,15.3565,75.1325,Cloudy,748,27.2,0,44.39,Moderate,37.01,Medium
262,2025-04-06,21:00,Sunday,Yes,Vidya Nagar,15.37,75.119,Cloudy,650,42.1,0,31.41,Low,26.02,Low
263,2025-01-19,20:00,Sunday,Yes,Unkal Lake Road,15.373,75.1115,Clear,600,37.3,1,36.01,Moderate,35.51,Medium
264,2025-02-19,07:00,Wednesday,No,Airport Road,15.3705,75.096,Clear,749,36.7,1,41.71,Moderate,40.19,Medium
265,2025-03-27,16:00,Thursday,No,MG Road Junction,15.3647,75.1239,Cloudy,433,38.5,0,25.95,Low,21.64,Low
266,2025-03-12,02:00,Wednesday,No,Airport Road,15.3705,75.096,Clear,249,39.2,0,18.94,Low,15.89,Low
267,2025-04-04,23:00,Friday,No,MG Road Junction,15.3647,75.1239,Cloudy,511,41.7,0,26.7,Low,22.18,Low
268,2025-02-18,02:00,Tuesday,No,Hubballi Railway Station,15.3515,75.1387,Clear,403,43.7,0,21.57,Low,17.93,Low
269,2025-01-17,19:00,Friday,No,Airport Road,15.3705,75.096,Clear,681,41.6,0,32.83,Low,27.2,Low
270,2025-04-02,15:00,Wednesday,No,Vidya Nagar,15.37,75.119,Clear,396,36.0,0,26.22,Low,21.93,Low
271,2025-03-29,13:00,Saturday,Yes,MG Road Junction,15.3647,75.1239,Clear,346,46.9,0,17.5,Low,14.52,Low
272,2025-03-12,16:00,Wednesday,No,Gokul Road,15.3652,75.1106,Cloudy,604,43.5,0,28.88,Low,23.91,Low
273,2025-01-27,03:00,Monday,No,Vidya Nagar,15.37,75.119,Clear,570,42.1,0,28.55,Low,23.68,Low
274,2025-01-25,10:00,Saturday,Yes,Gokul Road,15.3652,75.1106,Cloudy,855,34.9,1,46.64,Moderate,44.26,Medium
275,2025-03-10,16:00,Monday,No,Airport Road,15.3705,75.096,Rain,285,40.4,0,19.46,Low,16.29,Low
276,2025-03-02,03:00,Sunday,Yes,Gokul Road,15.3652,75.1106,Clear,281,43.6,0,17.28,Low,14.42,Low
277,2025-03-02,05:00,Sunday,Yes,MG Road Junction,15.3647,75.1239,Cloudy,377,46.8,0,18.67,Low,15.48,Low
278,2025-01-05,07:00,Sunday,Yes,Vidya Nagar,15.37,75.119,Clear,416,41.0,1,27.09,Low,28.12,Low
279,2025-01-11,13:00,Saturday,Yes,Unkal Lake Road,15.373,75.1115,Clear,194,45.8,0,12.78,Low,10.68,Low
280,2025-04-17,13:00,Thursday,No,Keshwapur,15.3565,75.1325,Cloudy,425,35.4,0,27.64,Low,23.1,Low
281,2025-03-04,08:00,Tuesday,No,MG Road Junction,15.3647,75.1239,Clear,968,36.3,0,46.45,Moderate,38.47,Medium
282,2025-01-05,02:00,Sunday,Yes,MG Road Junction,15.3647,75.1239,Cloudy,405,39.6,0,24.25,Low,20.23,Low
283,2025-04-02,16:00,Wednesday,No,Unkal Lake Road,15.373,75.1115,Clear,222,47.1,0,12.95,Low,10.79,Low
284,2025-03-20,12:00,Thursday,No,Vidya Nagar,15.37,75.119,Cloudy,351,46.5,0,17.94,Low,14.89,Low
285,2025-03-21,23:00,Friday,No,Vidya Nagar,15.37,75.119,Rain,543,33.3,0,33.19,Low,27.69,Low
286,2025-02-06,13:00,Thursday,No,Old Bus Stand,15.3502,75.138,Rain,607,35.0,0,34.39,Low,28.63,Low
287,2025-01-15,01:00,Wednesday,No,Airport Road,15.3705,75.096,Cloudy,381,43.6,0,20.85,Low,17.34,Low
288,2025-02-09,20:00,Sunday,Yes,Gokul Road,15.3652,75.1106,Cloudy,831,38.4,0,40.22,Moderate,33.32,Low
289,2025-03-13,00:00,Thursday,No,Airport Road,15.3705,75.096,Cloudy,298,47.2,0,15.6,Low,12.96,Low
290,2025-01-07,16:00,Tuesday,No,Unkal Lake Road,15.373,75.1115,Cloudy,382,45.5,0,19.68,Low,16.34,Low
291,2025-03-08,19:00,Saturday,Yes,Airport Road,15.3705,75.096,Clear,478,40.1,1,29.88,Low,30.42,Low
292,2025-04-29,16:00,Tuesday,No,Unkal Lake Road,15.373,75.1115,Clear,340,49.9,0,15.38,Low,12.71,Low
293,2025-01-17,13:00,Friday,No,Vidya Nagar,15.37,75.119,Clear,281,47.3,0,14.93,Low,12.41,Low
294,2025-02-24,04:00,Monday,No,Gokul Road,15.3652,75.1106,Fog,618,37.4,0,33.26,Low,27.65,Low
295,2025-02-03,23:00,Monday,No,Airport Road,15.3705,75.096,Clear,311,45.2,0,17.34,Low,14.43,Low
296,2025-03-05,15:00,Wednesday,No,MG Road Junction,15.3647,75.1239,Clear,677,40.6,1,36.66,Moderate,35.96,Medium
297,2025-03-21,23:00,Friday,No,Hubballi Railway Station,15.3515,75.1387,Clear,540,40.3,0,28.63,Low,23.79,Low
298,2025-02-28,23:00,Friday,No,Old Bus Stand,15.3502,75.138,Cloudy,362,41.4,0,21.57,Low,17.99,Low
299,2025-02-18,06:00,Tuesday,No,Keshwapur,15.3565,75.1325,Cloudy,483,45.5,0,23.28,Low,19.29,Low
300,2025-02-20,18:00,Thursday,No,MG Road Junction,15.3647,75.1239,Clear,1214,32.9,0,57.39,Moderate,47.51,Medium
301,2025-01-17,16:00,Friday,No,Vidya Nagar,15.37,75.119,Clear,396,42.2,0,22.28,Low,18.55,Low
302,2025-01-27,15:00,Monday,No,Keshwapur,15.3565,75.1325,Rain,580,31.2,1,39.18,Moderate,38.25,Medium
303,2025-04-24,23:00,Thursday,No,Hubballi Railway Station,15.3515,75.1387,Clear,416,48.7,0,18.86,Low,15.58,Low
304,2025-01-20,03:00,Monday,No,Hubballi Railway Station,15.3515,75.1387,Clear,498,41.8,0,26.17,Low,21.74,Low
305,2025-02-09,18:00,Sunday,Yes,Gokul Road,15.3652,75.1106,Cloudy,811,32.3,0,43.39,Moderate,36.06,Medium
306,2025-01-20,13:00,Monday,No,Keshwapur,15.3565,75.1325,Rain,495,36.7,1,32.65,Low,32.77,Low
307,2025-02-13,13:00,Thursday,No,Gokul Road,15.3652,75.1106,Clear,325,42.9,0,19.3,Low,16.09,Low
308,2025-04-27,13:00,Sunday,Yes,MG Road Junction,15.3647,75.1239,Cloudy,596,39.1,1,34.72,Low,34.41,Low
309,2025-03-12,13:00,Wednesday,No,Unkal Lake Road,15.373,75.1115,Rain,553,37.9,0,30.62,Low,25.48,Low
310,2025-03-28,21:00,Friday,No,Unkal Lake Road,15.373,75.1115,Clear,721,37.6,0,36.81,Moderate,30.55,Low
311,2025-04-05,21:00,Saturday,Yes,Unkal Lake Road,15.373,75.1115,Fog,631,30.4,0,38.18,Moderate,31.84,Low
312,2025-01-24,10:00,Friday,No,Keshwapur,15.3565,75.1325,Cloudy,708,44.0,0,32.27,Low,26.67,Low
313,2025-04-14,13:00,Monday,No,Unkal Lake Road,15.373,75.1115,Cloudy,158,38.9,0,15.88,Low,13.4,Low
314,2025-03-16,23:00,Sunday,Yes,MG Road Junction,15.3647,75.1239,Cloudy,566,40.2,0,29.62,Low,24.6,Low
315,2025-03-28,10:00,Friday,No,Gokul Road,15.3652,75.1106,Clear,976,38.7,0,45.21,Moderate,37.39,Medium
316,2025-01-10,09:00,Friday,No,Keshwapur,15.3565,75.1325,Clear,894,38.6,0,42.34,Moderate,35.05,Medium
317,2025-02-03,05:00,Monday,No,Gokul Road,15.3652,75.1106,Clear,504,45.4,0,24.1,Low,19.95,Low
318,2025-04-08,03:00,Tuesday,No,Keshwapur,15.3565,75.1325,Clear,869,44.5,1,41.03,Moderate,39.44,Medium
319,2025-02-09,23:00,Sunday,Yes,Gokul Road,15.3652,75.1106,Clear,487,48.3,0,21.65,Low,17.88,Low
320,2025-03-04,16:00,Tuesday,No,Hubballi Railway Station,15.3515,75.1387,Rain,466,32.2,0,31.14,Low,26.04,Low
321,2025-01-19,20:00,Sunday,Yes,Gokul Road,15.3652,75.1106,Rain,669,27.6,0,41.31,Moderate,34.48,Low
322,2025-02-03,23:00,Monday,No,Unkal Lake Road,15.373,75.1115,Cloudy,481,42.9,0,24.87,Low,20.65,Low
323,2025-01-28,10:00,Tuesday,No,Hubballi Railway Station,15.3515,75.1387,Rain,1232,21.2,1,68.81,High,62.75,High
324,2025-01-23,18:00,Thursday,No,Gokul Road,15.3652,75.1106,Cloudy,1076,25.9,0,56.92,Moderate,47.29,Medium
325,2025-02-20,15:00,Thursday,No,Keshwapur,15.3565,75.1325,Clear,344,44.7,0,18.83,Low,15.66,Low
326,2025-01-01,16:00,Wednesday,No,Keshwapur,15.3565,75.1325,Clear,497,43.6,0,24.99,Low,20.73,Low
327,2025-02-21,19:00,Friday,No,Old Bus Stand,15.3502,75.138,Clear,924,42.5,0,40.93,Moderate,33.8,Low
328,2025-04-02,21:00,Wednesday,No,Keshwapur,15.3565,75.1325,Cloudy,1036,37.3,0,48.24,Moderate,39.91,Medium
329,2025-04-16,04:00,Wednesday,No,Vidya Nagar,15.37,75.119,Clear,520,48.7,1,25.9,Low,26.95,Low
330,2025-02-14,13:00,Friday,No,MG Road Junction,15.3647,75.1239,Cloudy,436,43.6,1,26.15,Low,27.28,Low
331,2025-04-17,21:00,Thursday,No,Keshwapur,15.3565,75.1325,Clear,1097,28.8,0,55.83,Moderate,46.33,Medium
332,2025-03-31,10:00,Monday,No,Hubballi Railway Station,15.3515,75.1387,Cloudy,1006,37.9,1,50.12,Moderate,47.04,Medium
333,2025-03-15,16:00,Saturday,Yes,Old Bus Stand,15.3502,75.138,Rain,568,40.8,0,29.31,Low,24.33,Low
334,2025-02-14,04:00,Friday,No,Keshwapur,15.3565,75.1325,Cloudy,280,45.8,1,19.18,Low,21.53,Low
335,2025-04-07,23:00,Monday,No,Vidya Nagar,15.37,75.119,Fog,432,40.0,0,24.96,Low,20.8,Low
336,2025-04-17,00:00,Thursday,No,Unkal Lake Road,15.373,75.1115,Rain,417,36.9,0,26.4,Low,22.05,Low
337,2025-01-13,13:00,Monday,No,Hubballi Railway Station,15.3515,75.1387,Rain,683,36.1,0,36.4,Moderate,30.25,Low
338,2025-01-08,12:00,Wednesday,No,Vidya Nagar,15.37,75.119,Rain,697,33.0,1,42.21,Moderate,40.69,Medium
339,2025-01-26,06:00,Sunday,Yes,Unkal Lake Road,15.373,75.1115,Rain,439,46.7,1,24.28,Low,25.68,Low
340,2025-01-30,03:00,Thursday,No,Airport Road,15.3705,75.096,Cloudy,250,48.0,1,16.71,Low,19.45,Low
341,2025-02-11,08:00,Tuesday,No,Airport Road,15.3705,75.096,Clear,736,33.7,1,43.16,Moderate,41.44,Medium
342,2025-02-17,11:00,Monday,No,Hubballi Railway Station,15.3515,75.1387,Clear,552,48.1,0,24.09,Low,19.88,Low
343,2025-01-08,22:00,Wednesday,No,Gokul Road,15.3652,75.1106,Cloudy,753,35.0,1,42.94,Moderate,41.23,Medium
344,2025-04-06,20:00,Sunday,Yes,MG Road Junction,15.3647,75.1239,Clear,890,36.2,1,47.06,Moderate,44.58,Medium
345,2025-02-10,20:00,Monday,No,Old Bus Stand,15.3502,75.138,Clear,944,37.3,0,44.96,Moderate,37.22,Medium
346,2025-03-25,14:00,Tuesday,No,MG Road Junction,15.3647,75.1239,Fog,633,33.8,0,36.08,Moderate,30.05,Low
347,2025-02-19,08:00,Wednesday,No,Vidya Nagar,15.37,75.119,Rain,915,32.7,1,50.18,Moderate,47.22,Medium
348,2025-01-06,07:00,Monday,No,Unkal Lake Road,15.373,75.1115,Rain,867,26.9,2,55.49,Moderate,57.31,Medium
349,2025-03-28,01:00,Friday,No,MG Road Junction,15.3647,75.1239,Clear,379,44.9,1,23.29,Low,24.91,Low
350,2025-03-17,16:00,Monday,No,Unkal Lake Road,15.373,75.1115,Clear,356,47.7,1,20.68,Low,22.71,Low
351,2025-03-15,06:00,Saturday,Yes,Unkal Lake Road,15.373,75.1115,Clear,291,48.4,1,17.92,Low,20.43,Low
352,2025-04-19,21:00,Saturday,Yes,Vidya Nagar,15.37,75.119,Clear,652,34.1,1,39.9,Moderate,38.77,Medium
353,2025-01-24,17:00,Friday,No,Vidya Nagar,15.37,75.119,Clear,786,34.9,1,44.18,Moderate,42.25,Medium
354,2025-02-26,02:00,Wednesday,No,Vidya Nagar,15.37,75.119,Clear,439,38.0,0,26.49,Low,22.09,Low
355,2025-03-20,23:00,Thursday,No,MG Road Junction,15.3647,75.1239,Rain,499,37.7,0,28.82,Low,24.01,Low
356,2025-04-24,21:00,Thursday,No,Airport Road,15.3705,75.096,Cloudy,599,33.8,0,34.87,Low,29.06,Low
357,2025-01-27,01:00,Monday,No,Vidya Nagar,15.37,75.119,Clear,488,37.0,0,28.87,Low,24.07,Low
358,2025-03-12,06:00,Wednesday,No,Old Bus Stand,15.3502,75.138,Clear,573,37.7,1,34.79,Low,34.5,Low
359,2025-01-07,10:00,Tuesday,No,MG Road Junction,15.3647,75.1239,Clear,840,29.6,0,46.14,Moderate,38.38,Medium
360,2025-04-16,17:00,Wednesday,No,Vidya Nagar,15.37,75.119,Clear,641,39.3,0,32.87,Low,27.28,Low
361,2025-02-28,17:00,Friday,No,Keshwapur,15.3565,75.1325,Rain,939,22.1,0,54.45,Moderate,45.37,Medium
362,2025-02-02,16:00,Sunday,Yes,Unkal Lake Road,15.373,75.1115,Clear,274,46.3,0,15.32,Low,12.75,Low
363,2025-01-11,05:00,Saturday,Yes,Old Bus Stand,15.3502,75.138,Clear,541,39.2,0,29.36,Low,24.42,Low
364,2025-03-04,12:00,Tuesday,No,Vidya Nagar,15.37,75.119,Clear,387,40.3,0,23.17,Low,19.32,Low
365,2025-03-13,01:00,Thursday,No,Hubballi Railway Station,15.3515,75.1387,Clear,385,41.0,0,22.65,Low,18.88,Low
366,2025-04-27,22:00,Sunday,Yes,Unkal Lake Road,15.373,75.1115,Cloudy,304,43.7,0,18.04,Low,15.04,Low
367,2025-01-23,09:00,Thursday,No,Unkal Lake Road,15.373,75.1115,Cloudy,726,40.7,0,35.01,Moderate,29.0,Low
368,2025-03-20,18:00,Thursday,No,Vidya Nagar,15.37,75.119,Cloudy,693,44.0,0,31.73,Low,26.24,Low
369,2025-03-18,17:00,Tuesday,No,Airport Road,15.3705,75.096,Clear,578,44.3,0,27.44,Low,22.72,Low
370,2025-02-08,08:00,Saturday,Yes,Gokul Road,15.3652,75.1106,Cloudy,553,49.6,0,23.17,Low,19.09,Low
371,2025-04-13,07:00,Sunday,Yes,Airport Road,15.3705,75.096,Cloudy,768,40.5,0,36.64,Moderate,30.34,Low
372,2025-01-22,20:00,Wednesday,No,Vidya Nagar,15.37,75.119,Rain,1076,29.2,0,54.82,Moderate,45.49,Medium
373,2025-03-05,17:00,Wednesday,No,Unkal Lake Road,15.373,75.1115,Clear,716,36.6,1,40.6,Moderate,39.28,Medium
374,2025-01-02,11:00,Thursday,No,Old Bus Stand,15.3502,75.138,Clear,642,37.7,0,33.92,Low,28.18,Low
375,2025-01-29,12:00,Wednesday,No,Hubballi Railway Station,15.3515,75.1387,Cloudy,414,44.6,0,21.39,Low,17.76,Low
376,2025-01-01,19:00,Wednesday,No,Old Bus Stand,15.3502,75.138,Cloudy,1177,28.3,0,59.0,Moderate,48.93,Medium
377,2025-04-09,16:00,Wednesday,No,Old Bus Stand,15.3502,75.138,Clear,497,42.3,0,25.82,Low,21.44,Low
378,2025-04-17,15:00,Thursday,No,Unkal Lake Road,15.373,75.1115,Clear,299,43.9,0,17.74,Low,14.79,Low
379,2025-01-17,15:00,Friday,No,Airport Road,15.3705,75.096,Clear,404,39.7,0,24.16,Low,20.14,Low
380,2025-04-23,13:00,Wednesday,No,Hubballi Railway Station,15.3515,75.1387,Rain,635,30.3,0,38.38,Moderate,32.02,Low
381,2025-02-10,11:00,Monday,No,MG Road Junction,15.3647,75.1239,Clear,577,50.4,0,23.52,Low,19.36,Low
382,2025-03-21,10:00,Friday,No,Keshwapur,15.3565,75.1325,Rain,1048,23.4,0,57.51,Moderate,47.84,Medium
383,2025-04-15,22:00,Tuesday,No,Unkal Lake Road,15.373,75.1115,Clear,391,42.5,0,21.91,Low,18.24,Low
384,2025-02-18,14:00,Tuesday,No,Vidya Nagar,15.37,75.119,Rain,619,39.6,0,31.89,Low,26.48,Low
385,2025-02-16,11:00,Sunday,Yes,MG Road Junction,15.3647,75.1239,Rain,910,33.0,1,49.81,Moderate,46.91,Medium
386,2025-02-04,17:00,Tuesday,No,Keshwapur,15.3565,75.1325,Clear,1112,31.3,0,54.77,Moderate,45.4,Medium
387,2025-03-17,23:00,Monday,No,Vidya Nagar,15.37,75.119,Rain,551,30.9,0,35.0,Moderate,29.24,Low
388,2025-04-26,14:00,Saturday,Yes,Old Bus Stand,15.3502,75.138,Clear,335,44.1,0,18.89,Low,15.73,Low
389,2025-03-24,14:00,Monday,No,Gokul Road,15.3652,75.1106,Rain,565,24.9,1,42.65,Moderate,41.25,Medium
390,2025-02-05,13:00,Wednesday,No,Vidya Nagar,15.37,75.119,Cloudy,258,45.2,0,15.44,Low,12.88,Low
391,2025-01-03,02:00,Friday,No,Hubballi Railway Station,15.3515,75.1387,Clear,590,40.3,0,30.41,Low,25.25,Low
392,2025-01-24,22:00,Friday,No,Hubballi Railway Station,15.3515,75.1387,Cloudy,350,47.6,0,17.2,Low,14.26,Low
393,2025-02-17,20:00,Monday,No,Gokul Road,15.3652,75.1106,Fog,947,22.8,0,54.29,Moderate,45.22,Medium
394,2025-04-02,13:00,Wednesday,No,MG Road Junction,15.3647,75.1239,Clear,618,38.5,0,32.56,Low,27.05,Low
395,2025-04-09,09:00,Wednesday,No,Keshwapur,15.3565,75.1325,Cloudy,869,38.2,0,41.71,Moderate,34.54,Low
396,2025-04-20,01:00,Sunday,Yes,Vidya Nagar,15.37,75.119,Cloudy,258,45.4,0,15.32,Low,12.77,Low
397,2025-04-09,00:00,Wednesday,No,Hubballi Railway Station,15.3515,75.1387,Rain,444,31.7,0,30.67,Low,25.67,Low
398,2025-03-13,11:00,Thursday,No,MG Road Junction,15.3647,75.1239,Clear,698,36.1,0,36.94,Moderate,30.69,Low
399,2025-01-29,09:00,Wednesday,No,Gokul Road,15.3652,75.1106,Clear,831,42.5,0,37.61,Moderate,31.08,Low
400,2025-02-04,21:00,Tuesday,No,Airport Road,15.3705,75.096,Clear,655,40.3,0,32.73,Low,27.15,Low
401,2025-02-14,21:00,Friday,No,Unkal Lake Road,15.373,75.1115,Cloudy,588,33.5,0,34.67,Low,28.9,Low
402,2025-04-14,19:00,Monday,No,Airport Road,15.3705,75.096,Clear,711,42.1,1,36.92,Moderate,36.13,Medium
403,2025-04-21,20:00,Monday,No,Airport Road,15.3705,75.096,Rain,800,25.9,0,47.07,Moderate,39.23,Medium
404,2025-04-07,07:00,Monday,No,Hubballi Railway Station,15.3515,75.1387,Clear,1016,33.2,2,56.8,Moderate,58.23,Medium
405,2025-03-08,11:00,Saturday,Yes,Old Bus Stand,15.3502,75.138,Cloudy,214,47.4,0,12.47,Low,10.39,Low
406,2025-01-01,04:00,Wednesday,No,Old Bus Stand,15.3502,75.138,Clear,589,45.0,0,27.39,Low,22.65,Low
407,2025-02-16,22:00,Sunday,Yes,Gokul Road,15.3652,75.1106,Clear,117,37.1,0,15.57,Low,13.18,Low
408,2025-02-20,19:00,Thursday,No,Vidya Nagar,15.37,75.119,Clear,844,39.6,1,43.26,Moderate,41.38,Medium
409,2025-02-02,05:00,Sunday,Yes,Old Bus Stand,15.3502,75.138,Clear,395,46.2,0,19.7,Low,16.33,Low
410,2025-02-06,12:00,Thursday,No,Airport Road,15.3705,75.096,Cloudy,343,41.2,0,21.02,Low,17.54,Low
411,2025-02-11,07:00,Tuesday,No,Old Bus Stand,15.3502,75.138,Rain,1114,28.5,0,56.62,Moderate,46.99,Medium
412,2025-01-02,22:00,Thursday,No,Airport Road,15.3705,75.096,Cloudy,414,30.3,0,30.49,Low,25.56,Low
413,2025-04-23,15:00,Wednesday,No,Keshwapur,15.3565,75.1325,Fog,622,20.7,0,44.03,Moderate,36.87,Medium
414,2025-01-12,04:00,Sunday,Yes,Hubballi Railway Station,15.3515,75.1387,Rain,484,41.0,0,26.18,Low,21.77,Low
415,2025-01-16,09:00,Thursday,No,Hubballi Railway Station,15.3515,75.1387,Cloudy,852,34.5,0,43.45,Moderate,36.06,Medium
416,2025-01-27,11:00,Monday,No,Vidya Nagar,15.37,75.119,Rain,591,33.7,1,37.98,Moderate,37.21,Medium
417,2025-02-17,01:00,Monday,No,Old Bus Stand,15.3502,75.138,Cloudy,447,43.0,1,26.92,Low,27.93,Low
418,2025-03-12,13:00,Wednesday,No,Old Bus Stand,15.3502,75.138,Clear,664,37.7,0,34.71,Low,28.83,Low
419,2025-03-12,02:00,Wednesday,No,Unkal Lake Road,15.373,75.1115,Cloudy,305,42.1,0,19.09,Low,15.94,Low
420,2025-01-28,08:00,Tuesday,No,MG Road Junction,15.3647,75.1239,Clear,907,37.5,1,46.84,Moderate,44.36,Medium
421,2025-01-05,23:00,Sunday,Yes,Keshwapur,15.3565,75.1325,Cloudy,370,37.1,0,24.6,Low,20.57,Low
422,2025-02-04,14:00,Tuesday,No,Hubballi Railway Station,15.3515,75.1387,Cloudy,246,49.4,0,12.34,Low,10.24,Low
423,2025-03-17,10:00,Monday,No,Keshwapur,15.3565,75.1325,Clear,839,35.9,1,45.43,Moderate,43.25,Medium
424,2025-02-15,01:00,Saturday,Yes,Hubballi Railway Station,15.3515,75.1387,Clear,339,39.5,0,21.96,Low,18.35,Low
425,2025-03-24,06:00,Monday,No,Keshwapur,15.3565,75.1325,Rain,599,30.5,0,36.97,Moderate,30.86,Low
426,2025-02-27,01:00,Thursday,No,Gokul Road,15.3652,75.1106,Cloudy,337,43.7,0,19.22,Low,16.0,Low
427,2025-01-31,20:00,Friday,No,Airport Road,15.3705,75.096,Clear,627,38.4,0,32.94,Low,27.36,Low
428,2025-01-05,20:00,Sunday,Yes,Hubballi Railway Station,15.3515,75.1387,Cloudy,981,28.7,2,58.42,Moderate,59.66,Medium
429,2025-03-19,05:00,Wednesday,No,Keshwapur,15.3565,75.1325,Cloudy,448,39.6,0,25.79,Low,21.48,Low
430,2025-04-29,06:00,Tuesday,No,Old Bus Stand,15.3502,75.138,Clear,607,36.7,0,33.31,Low,27.71,Low
431,2025-02-17,22:00,Monday,No,MG Road Junction,15.3647,75.1239,Fog,437,39.2,1,28.98,Low,29.71,Low
432,2025-03-22,11:00,Saturday,Yes,Gokul Road,15.3652,75.1106,Cloudy,361,43.7,0,20.08,Low,16.71,Low
433,2025-02-12,04:00,Wednesday,No,Gokul Road,15.3652,75.1106,Clear,502,47.6,0,22.63,Low,18.7,Low
434,2025-03-11,08:00,Tuesday,No,MG Road Junction,15.3647,75.1239,Rain,1416,21.3,1,75.32,Severe,68.06,High
435,2025-02-15,01:00,Saturday,Yes,Keshwapur,15.3565,75.1325,Rain,443,35.9,0,27.97,Low,23.35,Low
436,2025-01-27,09:00,Monday,No,Old Bus Stand,15.3502,75.138,Clear,949,36.9,0,45.39,Moderate,37.59,Medium
437,2025-01-22,08:00,Wednesday,No,Vidya Nagar,15.37,75.119,Clear,938,37.9,1,47.69,Moderate,45.05,Medium
438,2025-04-29,17:00,Tuesday,No,MG Road Junction,15.3647,75.1239,Clear,1036,37.1,0,48.37,Moderate,40.02,Medium
439,2025-02-16,15:00,Sunday,Yes,Keshwapur,15.3565,75.1325,Cloudy,388,39.3,1,27.17,Low,28.23,Low
440,2025-02-17,13:00,Monday,No,MG Road Junction,15.3647,75.1239,Cloudy,669,35.6,0,36.22,Moderate,30.12,Low
441,2025-01-24,07:00,Friday,No,MG Road Junction,15.3647,75.1239,Cloudy,949,33.9,0,47.3,Moderate,39.22,Medium
442,2025-01-21,07:00,Tuesday,No,Hubballi Railway Station,15.3515,75.1387,Rain,1159,33.5,0,55.05,Moderate,45.57,Medium
443,2025-02-07,08:00,Friday,No,Keshwapur,15.3565,75.1325,Cloudy,1127,29.0,1,60.1,High,55.43,Medium
444,2025-02-20,12:00,Thursday,No,Vidya Nagar,15.37,75.119,Clear,513,39.1,0,28.43,Low,23.65,Low
445,2025-01-30,07:00,Thursday,No,Airport Road,15.3705,75.096,Clear,703,41.5,0,33.68,Low,27.89,Low
446,2025-03-03,06:00,Monday,No,Hubballi Railway Station,15.3515,75.1387,Clear,463,44.5,0,23.21,Low,19.25,Low
447,2025-01-25,04:00,Saturday,Yes,MG Road Junction,15.3647,75.1239,Clear,313,46.0,0,16.9,Low,14.05,Low
448,2025-04-29,05:00,Tuesday,No,Airport Road,15.3705,75.096,Cloudy,241,45.1,0,14.9,Low,12.44,Low
449,2025-04-06,14:00,Sunday,Yes,Unkal Lake Road,15.373,75.1115,Rain,569,31.2,2,42.12,Moderate,46.26,Medium
450,2025-01-07,09:00,Tuesday,No,Airport Road,15.3705,75.096,Clear,803,34.5,1,45.04,Moderate,42.96,Medium
451,2025-03-11,23:00,Tuesday,No,MG Road Junction,15.3647,75.1239,Cloudy,419,46.9,0,20.11,Low,16.65,Low
452,2025-02-11,12:00,Tuesday,No,MG Road Junction,15.3647,75.1239,Cloudy,568,43.5,0,27.59,Low,22.86,Low
453,2025-04-25,08:00,Friday,No,Old Bus Stand,15.3502,75.138,Clear,988,29.5,0,51.49,Moderate,42.76,Medium
454,2025-02-21,19:00,Friday,No,Keshwapur,15.3565,75.1325,Clear,1104,36.8,0,50.98,Moderate,42.17,Medium
455,2025-02-15,12:00,Saturday,Yes,Keshwapur,15.3565,75.1325,Clear,401,47.9,0,18.83,Low,15.58,Low
456,2025-02-12,00:00,Wednesday,No,Hubballi Railway Station,15.3515,75.1387,Clear,492,41.7,1,29.36,Low,29.96,Low
457,2025-03-31,05:00,Monday,No,Vidya Nagar,15.37,75.119,Rain,462,38.5,1,30.32,Low,30.82,Low
458,2025-03-15,21:00,Saturday,Yes,Hubballi Railway Station,15.3515,75.1387,Clear,864,40.5,0,40.06,Moderate,33.14,Low
459,2025-02-09,21:00,Sunday,Yes,Gokul Road,15.3652,75.1106,Clear,731,35.5,0,38.5,Moderate,31.98,Low
460,2025-01-19,20:00,Sunday,Yes,MG Road Junction,15.3647,75.1239,Clear,885,45.5,0,37.63,Moderate,31.03,Low
461,2025-02-21,03:00,Friday,No,Airport Road,15.3705,75.096,Fog,330,40.5,0,21.01,Low,17.55,Low
462,2025-04-05,09:00,Saturday,Yes,Unkal Lake Road,15.373,75.1115,Clear,536,42.9,0,26.83,Low,22.25,Low
463,2025-04-16,01:00,Wednesday,No,MG Road Junction,15.3647,75.1239,Clear,372,42.9,1,24.31,Low,25.8,Low
464,2025-04-14,07:00,Monday,No,MG Road Junction,15.3647,75.1239,Clear,1112,35.2,1,55.62,Moderate,51.61,Medium
465,2025-04-10,12:00,Thursday,No,Hubballi Railway Station,15.3515,75.1387,Clear,501,35.1,1,33.88,Low,33.82,Low
466,2025-01-23,22:00,Thursday,No,Unkal Lake Road,15.373,75.1115,Clear,560,48.9,1,27.2,Low,28.01,Low
467,2025-03-10,03:00,Monday,No,Unkal Lake Road,15.373,75.1115,Cloudy,259,49.1,0,13.0,Low,10.78,Low
468,2025-02-24,16:00,Monday,No,Unkal Lake Road,15.373,75.1115,Clear,436,48.0,0,20.02,Low,16.55,Low
469,2025-03-15,05:00,Saturday,Yes,Hubballi Railway Station,15.3515,75.1387,Clear,374,43.1,0,20.92,Low,17.41,Low
470,2025-01-15,20:00,Wednesday,No,MG Road Junction,15.3647,75.1239,Rain,1526,21.2,0,75.97,Severe,63.0,High
471,2025-03-28,06:00,Friday,No,Hubballi Railway Station,15.3515,75.1387,Clear,574,37.6,0,31.56,Low,26.25,Low
472,2025-03-16,09:00,Sunday,Yes,Keshwapur,15.3565,75.1325,Clear,744,41.3,0,35.27,Moderate,29.2,Low
473,2025-04-18,01:00,Friday,No,Keshwapur,15.3565,75.1325,Clear,440,40.1,0,25.19,Low,20.98,Low
474,2025-03-16,05:00,Sunday,Yes,Hubballi Railway Station,15.3515,75.1387,Fog,286,35.4,0,22.68,Low,19.04,Low
475,2025-04-29,17:00,Tuesday,No,Unkal Lake Road,15.373,75.1115,Clear,812,39.4,0,38.91,Moderate,32.22,Low
476,2025-04-28,01:00,Monday,No,Old Bus Stand,15.3502,75.138,Rain,412,34.9,0,27.5,Low,22.99,Low
477,2025-04-14,17:00,Monday,No,MG Road Junction,15.3647,75.1239,Cloudy,893,40.3,0,41.23,Moderate,34.1,Low
478,2025-03-09,23:00,Sunday,Yes,Hubballi Railway Station,15.3515,75.1387,Clear,531,40.8,0,27.99,Low,23.25,Low
479,2025-04-28,08:00,Monday,No,Hubballi Railway Station,15.3515,75.1387,Fog,738,24.1,0,46.0,Moderate,38.41,Medium
480,2025-02-12,07:00,Wednesday,No,Hubballi Railway Station,15.3515,75.1387,Clear,944,32.7,1,51.22,Moderate,48.06,Medium
481,2025-02-26,04:00,Wednesday,No,Old Bus Stand,15.3502,75.138,Clear,339,48.7,0,16.11,Low,13.34,Low
482,2025-01-22,11:00,Wednesday,No,Old Bus Stand,15.3502,75.138,Rain,549,31.9,0,34.29,Low,28.63,Low
483,2025-04-29,07:00,Tuesday,No,Gokul Road,15.3652,75.1106,Cloudy,970,38.6,0,45.06,Moderate,37.27,Medium
484,2025-01-14,23:00,Tuesday,No,Keshwapur,15.3565,75.1325,Cloudy,578,40.8,1,33.0,Low,32.96,Low
485,2025-03-16,06:00,Sunday,Yes,Airport Road,15.3705,75.096,Clear,382,42.2,0,21.78,Low,18.14,Low
486,2025-04-07,01:00,Monday,No,Unkal Lake Road,15.373,75.1115,Clear,271,54.4,0,10.05,Low,8.24,Low
487,2025-01-21,16:00,Tuesday,No,Vidya Nagar,15.37,75.119,Cloudy,350,38.2,1,26.52,Low,27.72,Low
488,2025-02-07,07:00,Friday,No,Old Bus Stand,15.3502,75.138,Clear,1541,24.5,1,77.74,Severe,69.97,High
489,2025-04-02,23:00,Wednesday,No,Airport Road,15.3705,75.096,Clear,313,43.7,0,18.36,Low,15.3,Low
490,2025-02-05,11:00,Wednesday,No,Old Bus Stand,15.3502,75.138,Clear,362,52.8,0,14.32,Low,11.77,Low
491,2025-03-12,07:00,Wednesday,No,Unkal Lake Road,15.373,75.1115,Clear,662,39.1,0,33.75,Low,28.0,Low
492,2025-03-22,11:00,Saturday,Yes,Vidya Nagar,15.37,75.119,Rain,407,38.7,0,24.9,Low,20.78,Low
493,2025-04-25,01:00,Friday,No,Gokul Road,15.3652,75.1106,Clear,419,41.1,0,23.8,Low,19.82,Low
494,2025-04-12,03:00,Saturday,Yes,Hubballi Railway Station,15.3515,75.1387,Fog,353,36.7,1,27.58,Low,28.62,Low
495,2025-03-07,08:00,Friday,No,Gokul Road,15.3652,75.1106,Clear,942,34.3,1,50.13,Moderate,47.13,Medium
496,2025-02-09,20:00,Sunday,Yes,Old Bus Stand,15.3502,75.138,Cloudy,796,40.2,0,37.83,Moderate,31.32,Low
497,2025-04-25,02:00,Friday,No,Gokul Road,15.3652,75.1106,Clear,342,46.5,0,17.62,Low,14.62,Low
498,2025-03-10,04:00,Monday,No,Airport Road,15.3705,75.096,Clear,374,42.1,1,24.89,Low,26.29,Low
499,2025-02-23,19:00,Sunday,Yes,MG Road Junction,15.3647,75.1239,Clear,870,31.9,0,45.75,Moderate,38.01,Medium
500,2025-03-02,00:00,Sunday,Yes,Old Bus Stand,15.3502,75.138,Clear,449,42.4,0,24.04,Low,19.98,Low
501,2025-02-19,15:00,Wednesday,No,Old Bus Stand,15.3502,75.138,Clear,245,50.3,0,11.74,Low,9.72,Low
502,2025-02-14,10:00,Friday,No,Airport Road,15.3705,75.096,Fog,690,27.5,1,45.46,Moderate,43.48,Medium
503,2025-01-12,20:00,Sunday,Yes,Keshwapur,15.3565,75.1325,Cloudy,483,42.9,0,24.94,Low,20.7,Low
504,2025-04-12,20:00,Saturday,Yes,Vidya Nagar,15.37,75.119,Clear,646,34.6,1,39.37,Moderate,38.32,Medium
505,2025-01-01,11:00,Wednesday,No,Hubballi Railway Station,15.3515,75.1387,Clear,589,36.0,0,33.11,Low,27.56,Low
506,2025-03-09,22:00,Sunday,Yes,Airport Road,15.3705,75.096,Clear,365,48.3,0,17.29,Low,14.31,Low
507,2025-04-17,02:00,Thursday,No,Vidya Nagar,15.37,75.119,Cloudy,444,44.8,0,22.34,Low,18.53,Low
508,2025-02-01,09:00,Saturday,Yes,Unkal Lake Road,15.373,75.1115,Cloudy,648,40.8,0,32.16,Low,26.67,Low
509,2025-03-28,18:00,Friday,No,Vidya Nagar,15.37,75.119,Rain,940,21.2,0,55.06,Moderate,45.89,Medium
510,2025-04-26,14:00,Saturday,Yes,Unkal Lake Road,15.373,75.1115,Clear,234,42.7,0,16.18,Low,13.54,Low
511,2025-01-04,17:00,Saturday,Yes,Airport Road,15.3705,75.096,Clear,818,39.5,1,42.39,Moderate,40.67,Medium
512,2025-02-02,07:00,Sunday,Yes,Old Bus Stand,15.3502,75.138,Clear,874,30.6,0,46.72,Moderate,38.83,Medium
513,2025-04-21,12:00,Monday,No,Old Bus Stand,15.3502,75.138,Cloudy,321,42.3,0,19.54,Low,16.3,Low
514,2025-03-09,17:00,Sunday,Yes,Keshwapur,15.3565,75.1325,Cloudy,515,44.2,1,28.59,Low,29.26,Low
515,2025-01-18,09:00,Saturday,Yes,Airport Road,15.3705,75.096,Cloudy,481,35.5,1,32.91,Low,33.02,Low
516,2025-01-05,18:00,Sunday,Yes,Unkal Lake Road,15.373,75.1115,Cloudy,735,31.5,1,44.52,Moderate,42.61,Medium
517,2025-01-26,16:00,Sunday,Yes,Vidya Nagar,15.37,75.119,Clear,322,37.7,0,22.5,Low,18.84,Low
518,2025-02-04,09:00,Tuesday,No,Vidya Nagar,15.37,75.119,Cloudy,550,42.0,0,27.9,Low,23.15,Low
519,2025-03-10,17:00,Monday,No,Unkal Lake Road,15.373,75.1115,Clear,760,35.6,1,42.8,Moderate,41.11,Medium
520,2025-03-05,04:00,Wednesday,No,Gokul Road,15.3652,75.1106,Cloudy,472,45.2,1,26.42,Low,27.46,Low
521,2025-01-18,04:00,Saturday,Yes,Keshwapur,15.3565,75.1325,Clear,100,47.2,0,8.53,Low,7.17,Low
522,2025-01-31,08:00,Friday,No,MG Road Junction,15.3647,75.1239,Clear,1039,41.7,1,48.88,Moderate,45.93,Medium
523,2025-04-28,00:00,Monday,No,Old Bus Stand,15.3502,75.138,Rain,464,31.9,0,31.26,Low,26.15,Low
524,2025-01-29,03:00,Wednesday,No,Hubballi Railway Station,15.3515,75.1387,Rain,353,39.6,0,22.4,Low,18.71,Low
525,2025-03-20,20:00,Thursday,No,Vidya Nagar,15.37,75.119,Rain,1163,24.3,1,64.38,High,59.04,Medium
526,2025-04-15,08:00,Tuesday,No,Hubballi Railway Station,15.3515,75.1387,Clear,839,39.2,0,40.0,Moderate,33.12,Low
527,2025-04-04,07:00,Friday,No,MG Road Junction,15.3647,75.1239,Cloudy,935,36.0,0,45.46,Moderate,37.67,Medium
528,2025-04-27,02:00,Sunday,Yes,Airport Road,15.3705,75.096,Clear,197,41.4,0,15.69,Low,13.17,Low
529,2025-02-16,18:00,Sunday,Yes,Hubballi Railway Station,15.3515,75.1387,Rain,935,29.9,0,49.34,Moderate,40.99,Medium
530,2025-03-07,11:00,Friday,No,MG Road Junction,15.3647,75.1239,Clear,782,37.9,0,38.79,Moderate,32.16,Low
531,2025-02-10,17:00,Monday,No,Old Bus Stand,15.3502,75.138,Fog,858,26.2,1,52.28,Moderate,49.1,Medium
532,2025-02-12,00:00,Wednesday,No,Unkal Lake Road,15.373,75.1115,Rain,456,39.8,1,29.28,Low,29.94,Low
533,2025-03-31,07:00,Monday,No,Gokul Road,15.3652,75.1106,Cloudy,961,31.1,0,49.51,Moderate,41.1,Medium
534,2025-03-12,07:00,Wednesday,No,Old Bus Stand,15.3502,75.138,Clear,850,45.0,0,36.7,Moderate,30.28,Low
535,2025-04-23,22:00,Wednesday,No,Vidya Nagar,15.37,75.119,Clear,367,46.9,1,21.59,Low,23.47,Low
536,2025-01-02,12:00,Thursday,No,MG Road Junction,15.3647,75.1239,Rain,726,34.7,0,38.83,Moderate,32.27,Low
537,2025-03-06,12:00,Thursday,No,Hubballi Railway Station,15.3515,75.1387,Clear,387,54.2,0,14.32,Low,11.74,Low
538,2025-04-07,22:00,Monday,No,Vidya Nagar,15.37,75.119,Rain,485,35.3,0,29.85,Low,24.91,Low
539,2025-04-05,08:00,Saturday,Yes,Gokul Road,15.3652,75.1106,Clear,678,41.4,0,32.85,Low,27.22,Low
540,2025-02-06,08:00,Thursday,No,Unkal Lake Road,15.373,75.1115,Clear,727,39.2,0,36.0,Moderate,29.85,Low
541,2025-03-17,21:00,Monday,No,Airport Road,15.3705,75.096,Rain,856,34.8,1,46.74,Moderate,44.35,Medium
542,2025-02-24,00:00,Monday,No,Vidya Nagar,15.37,75.119,Cloudy,474,47.7,0,21.56,Low,17.82,Low
543,2025-03-29,21:00,Saturday,Yes,Airport Road,15.3705,75.096,Cloudy,745,40.3,0,35.94,Moderate,29.77,Low
544,2025-01-25,19:00,Saturday,Yes,MG Road Junction,15.3647,75.1239,Cloudy,455,46.1,0,21.9,Low,18.14,Low
545,2025-03-21,07:00,Friday,No,Gokul Road,15.3652,75.1106,Clear,922,33.5,0,46.59,Moderate,38.65,Medium
546,2025-01-31,08:00,Friday,No,Hubballi Railway Station,15.3515,75.1387,Cloudy,795,36.6,0,40.08,Moderate,33.25,Low
547,2025-02-26,21:00,Wednesday,No,Gokul Road,15.3652,75.1106,Clear,945,42.0,0,42.0,Moderate,34.69,Low
548,2025-01-17,12:00,Friday,No,Gokul Road,15.3652,75.1106,Rain,713,35.9,0,37.6,Moderate,31.24,Low
549,2025-01-30,02:00,Thursday,No,Keshwapur,15.3565,75.1325,Rain,726,34.3,0,39.08,Moderate,32.49,Low
550,2025-04-03,16:00,Thursday,No,Gokul Road,15.3652,75.1106,Clear,642,36.4,0,34.75,Low,28.89,Low
551,2025-03-10,03:00,Monday,No,Gokul Road,15.3652,75.1106,Cloudy,641,43.3,0,30.32,Low,25.1,Low
552,2025-01-17,11:00,Friday,No,Old Bus Stand,15.3502,75.138,Cloudy,462,38.7,0,26.86,Low,22.38,Low
553,2025-04-14,20:00,Monday,No,Vidya Nagar,15.37,75.119,Clear,1019,30.1,0,52.21,Moderate,43.34,Medium
554,2025-01-04,03:00,Saturday,Yes,Hubballi Railway Station,15.3515,75.1387,Fog,614,32.3,0,36.36,Moderate,30.31,Low
555,2025-01-12,00:00,Sunday,Yes,Old Bus Stand,15.3502,75.138,Clear,399,33.1,0,28.18,Low,23.6,Low
556,2025-04-15,06:00,Tuesday,No,Old Bus Stand,15.3502,75.138,Clear,651,41.8,0,31.63,Low,26.21,Low
557,2025-03-17,19:00,Monday,No,Vidya Nagar,15.37,75.119,Clear,860,38.0,0,41.51,Moderate,34.39,Low
558,2025-01-30,21:00,Thursday,No,Vidya Nagar,15.37,75.119,Clear,1020,33.0,0,50.4,Moderate,41.79,Medium
559,2025-04-26,22:00,Saturday,Yes,MG Road Junction,15.3647,75.1239,Cloudy,379,41.9,0,21.86,Low,18.21,Low
560,2025-02-05,10:00,Wednesday,No,Vidya Nagar,15.37,75.119,Cloudy,739,37.7,0,37.38,Moderate,31.02,Low
561,2025-02-27,22:00,Thursday,No,Keshwapur,15.3565,75.1325,Cloudy,304,40.8,0,19.89,Low,16.62,Low
562,2025-01-06,23:00,Monday,No,Keshwapur,15.3565,75.1325,Cloudy,427,43.0,0,22.88,Low,19.01,Low
563,2025-02-06,20:00,Thursday,No,Old Bus Stand,15.3502,75.138,Clear,1038,33.2,1,54.25,Moderate,50.54,Medium
564,2025-01-17,11:00,Friday,No,Airport Road,15.3705,75.096,Clear,245,45.2,0,14.98,Low,12.5,Low
565,2025-03-04,04:00,Tuesday,No,MG Road Junction,15.3647,75.1239,Clear,480,41.0,0,26.04,Low,21.65,Low
566,2025-02-18,15:00,Tuesday,No,Airport Road,15.3705,75.096,Clear,286,42.8,1,21.3,Low,23.34,Low
567,2025-04-20,00:00,Sunday,Yes,Airport Road,15.3705,75.096,Cloudy,158,47.0,0,10.73,Low,8.98,Low
568,2025-02-14,06:00,Friday,No,Old Bus Stand,15.3502,75.138,Clear,631,42.7,0,30.35,Low,25.14,Low
569,2025-03-31,20:00,Monday,No,Unkal Lake Road,15.373,75.1115,Clear,908,33.8,0,45.9,Moderate,38.08,Medium
570,2025-02-14,09:00,Friday,No,Old Bus Stand,15.3502,75.138,Clear,1117,34.7,0,52.79,Moderate,43.69,Medium
571,2025-02-20,09:00,Thursday,No,Hubballi Railway Station,15.3515,75.1387,Rain,1098,30.4,0,54.84,Moderate,45.48,Medium
572,2025-04-12,21:00,Saturday,Yes,Hubballi Railway Station,15.3515,75.1387,Rain,932,25.4,0,52.1,Moderate,43.36,Medium
573,2025-01-27,09:00,Monday,No,Vidya Nagar,15.37,75.119,Cloudy,686,42.8,1,35.58,Moderate,35.02,Medium
574,2025-02-18,04:00,Tuesday,No,Vidya Nagar,15.37,75.119,Rain,574,43.6,0,27.74,Low,22.98,Low
575,2025-02-21,14:00,Friday,No,Unkal Lake Road,15.373,75.1115,Cloudy,387,42.5,0,21.77,Low,18.12,Low
576,2025-01-31,12:00,Friday,No,Vidya Nagar,15.37,75.119,Cloudy,738,37.5,0,37.48,Moderate,31.1,Low
577,2025-01-10,18:00,Friday,No,Hubballi Railway Station,15.3515,75.1387,Clear,1200,31.1,0,58.04,Moderate,48.08,Medium
578,2025-04-23,17:00,Wednesday,No,Airport Road,15.3705,75.096,Cloudy,743,40.6,0,35.68,Moderate,29.55,Low
579,2025-02-01,06:00,Saturday,Yes,Old Bus Stand,15.3502,75.138,Cloudy,373,45.1,0,19.61,Low,16.29,Low
580,2025-04-20,19:00,Sunday,Yes,Gokul Road,15.3652,75.1106,Cloudy,915,29.4,0,48.95,Moderate,40.68,Medium
581,2025-02-09,17:00,Sunday,Yes,Keshwapur,15.3565,75.1325,Cloudy,622,36.2,0,34.16,Low,28.42,Low
582,2025-04-16,19:00,Wednesday,No,Gokul Road,15.3652,75.1106,Clear,1153,34.7,2,60.74,High,61.41,High
583,2025-03-06,06:00,Thursday,No,Gokul Road,15.3652,75.1106,Cloudy,324,43.1,0,19.14,Low,15.95,Low
584,2025-02-19,21:00,Wednesday,No,Hubballi Railway Station,15.3515,75.1387,Rain,1085,23.9,0,58.52,Moderate,48.65,Medium
585,2025-03-11,20:00,Tuesday,No,Gokul Road,15.3652,75.1106,Clear,747,44.0,0,33.66,Low,27.81,Low
586,2025-02-19,15:00,Wednesday,No,Old Bus Stand,15.3502,75.138,Cloudy,572,37.2,0,31.74,Low,26.41,Low
587,2025-04-03,09:00,Thursday,No,Unkal Lake Road,15.373,75.1115,Clear,765,37.9,0,38.19,Moderate,31.67,Low
588,2025-03-01,00:00,Saturday,Yes,MG Road Junction,15.3647,75.1239,Cloudy,320,43.0,0,19.06,Low,15.89,Low
589,2025-04-29,10:00,Tuesday,No,Vidya Nagar,15.37,75.119,Cloudy,701,34.3,0,38.19,Moderate,31.76,Low
590,2025-04-22,17:00,Tuesday,No,MG Road Junction,15.3647,75.1239,Clear,1299,31.4,0,61.38,High,50.81,Medium
591,2025-02-20,17:00,Thursday,No,Airport Road,15.3705,75.096,Cloudy,699,40.2,1,37.7,Moderate,36.82,Medium
592,2025-03-06,04:00,Thursday,No,Old Bus Stand,15.3502,75.138,Clear,378,41.1,0,22.34,Low,18.62,Low
593,2025-03-28,12:00,Friday,No,Old Bus Stand,15.3502,75.138,Cloudy,756,36.6,0,38.69,Moderate,32.11,Low
594,2025-03-02,05:00,Sunday,Yes,Keshwapur,15.3565,75.1325,Clear,266,46.9,0,14.65,Low,12.19,Low
595,2025-04-10,10:00,Thursday,No,Old Bus Stand,15.3502,75.138,Cloudy,1132,25.0,1,62.83,High,57.75,Medium
596,2025-03-05,07:00,Wednesday,No,Vidya Nagar,15.37,75.119,Clear,675,35.6,0,36.44,Moderate,30.29,Low
597,2025-02-27,20:00,Thursday,No,Old Bus Stand,15.3502,75.138,Cloudy,976,35.8,0,47.05,Moderate,38.97,Medium
598,2025-03-19,08:00,Wednesday,No,Gokul Road,15.3652,75.1106,Clear,1014,32.4,1,53.91,Moderate,50.27,Medium
599,2025-02-26,21:00,Wednesday,No,Keshwapur,15.3565,75.1325,Rain,1062,26.7,0,55.91,Moderate,46.45,Medium
600,2025-01-21,19:00,Tuesday,No,Vidya Nagar,15.37,75.119,Rain,1004,33.2,0,49.71,Moderate,41.21,Medium
601,2025-03-12,00:00,Wednesday,No,Unkal Lake Road,15.373,75.1115,Fog,312,33.3,0,24.94,Low,20.95,Low
602,2025-01-22,06:00,Wednesday,No,Unkal Lake Road,15.373,75.1115,Cloudy,199,53.3,0,8.18,Low,6.74,Low
603,2025-01-10,00:00,Friday,No,Unkal Lake Road,15.373,75.1115,Cloudy,525,34.0,1,35.43,Moderate,35.12,Medium
604,2025-02-25,04:00,Tuesday,No,Unkal Lake Road,15.373,75.1115,Clear,318,34.9,1,27.47,Low,28.58,Low
605,2025-02-18,03:00,Tuesday,No,Gokul Road,15.3652,75.1106,Clear,512,44.7,1,28.16,Low,28.9,Low
606,2025-03-18,03:00,Tuesday,No,Old Bus Stand,15.3502,75.138,Clear,585,36.3,1,36.11,Moderate,35.62,Medium
607,2025-03-17,10:00,Monday,No,MG Road Junction,15.3647,75.1239,Cloudy,1081,29.7,0,54.68,Moderate,45.37,Medium
608,2025-04-14,20:00,Monday,No,Vidya Nagar,15.37,75.119,Rain,892,35.0,1,47.9,Moderate,45.29,Medium
609,2025-02-20,05:00,Thursday,No,Gokul Road,15.3652,75.1106,Clear,631,37.6,0,33.59,Low,27.92,Low
610,2025-04-03,06:00,Thursday,No,Unkal Lake Road,15.373,75.1115,Rain,544,39.4,0,29.34,Low,24.39,Low
611,2025-01-04,18:00,Saturday,Yes,Airport Road,15.3705,75.096,Cloudy,575,37.9,0,31.4,Low,26.12,Low
612,2025-01-30,17:00,Thursday,No,Old Bus Stand,15.3502,75.138,Cloudy,1051,35.4,0,49.98,Moderate,41.38,Medium
613,2025-03-20,09:00,Thursday,No,MG Road Junction,15.3647,75.1239,Clear,1286,28.8,1,65.9,High,60.18,High
614,2025-01-02,14:00,Thursday,No,Airport Road,15.3705,75.096,Clear,266,40.8,0,18.53,Low,15.51,Low
615,2025-01-08,04:00,Wednesday,No,Keshwapur,15.3565,75.1325,Cloudy,504,48.2,0,22.32,Low,18.43,Low
616,2025-01-28,04:00,Tuesday,No,Airport Road,15.3705,75.096,Cloudy,286,48.7,0,14.22,Low,11.79,Low
617,2025-02-01,09:00,Saturday,Yes,Keshwapur,15.3565,75.1325,Clear,450,39.1,1,29.51,Low,30.15,Low
618,2025-02-21,19:00,Friday,No,Keshwapur,15.3565,75.1325,Cloudy,695,38.0,0,35.62,Moderate,29.57,Low
619,2025-02-15,01:00,Saturday,Yes,Unkal Lake Road,15.373,75.1115,Rain,300,44.9,0,17.13,Low,14.27,Low
620,2025-03-12,03:00,Wednesday,No,Keshwapur,15.3565,75.1325,Rain,484,32.6,0,31.53,Low,26.35,Low
621,2025-04-16,03:00,Wednesday,No,Hubballi Railway Station,15.3515,75.1387,Rain,926,26.9,0,50.93,Moderate,42.37,Medium
622,2025-01-19,23:00,Sunday,Yes,Vidya Nagar,15.37,75.119,Clear,398,44.6,0,20.82,Low,17.3,Low
623,2025-02-04,12:00,Tuesday,No,Vidya Nagar,15.37,75.119,Clear,497,50.5,0,20.6,Low,16.97,Low
624,2025-02-07,06:00,Friday,No,Unkal Lake Road,15.373,75.1115,Cloudy,301,44.2,0,17.62,Low,14.68,Low
625,2025-02-27,16:00,Thursday,No,Hubballi Railway Station,15.3515,75.1387,Clear,504,45.5,0,24.03,Low,19.9,Low
626,2025-03-23,14:00,Sunday,Yes,Airport Road,15.3705,75.096,Clear,488,37.4,0,28.62,Low,23.85,Low
627,2025-04-12,10:00,Saturday,Yes,Gokul Road,15.3652,75.1106,Clear,571,41.8,0,28.78,Low,23.87,Low
628,2025-03-25,04:00,Tuesday,No,Airport Road,15.3705,75.096,Clear,382,41.5,0,22.22,Low,18.52,Low
629,2025-04-10,19:00,Thursday,No,Old Bus Stand,15.3502,75.138,Clear,1252,38.8,0,54.99,Moderate,45.4,Medium
630,2025-01-08,21:00,Wednesday,No,Gokul Road,15.3652,75.1106,Clear,1129,39.3,0,50.29,Moderate,41.53,Medium
631,2025-01-22,00:00,Wednesday,No,Keshwapur,15.3565,75.1325,Clear,684,48.0,0,28.87,Low,23.79,Low
632,2025-02-20,14:00,Thursday,No,MG Road Junction,15.3647,75.1239,Clear,549,37.9,1,33.81,Low,33.69,Low
633,2025-03-05,19:00,Wednesday,No,Gokul Road,15.3652,75.1106,Cloudy,1080,33.7,0,52.1,Moderate,43.16,Medium
634,2025-02-04,07:00,Tuesday,No,MG Road Junction,15.3647,75.1239,Cloudy,1051,35.5,0,49.92,Moderate,41.33,Medium
635,2025-02-08,16:00,Saturday,Yes,Vidya Nagar,15.37,75.119,Cloudy,378,40.3,0,22.85,Low,19.06,Low
636,2025-02-08,21:00,Saturday,Yes,MG Road Junction,15.3647,75.1239,Clear,715,39.0,0,35.7,Moderate,29.61,Low
637,2025-02-17,12:00,Monday,No,Vidya Nagar,15.37,75.119,Clear,498,45.0,0,24.14,Low,20.0,Low
638,2025-01-06,13:00,Monday,No,Hubballi Railway Station,15.3515,75.1387,Cloudy,537,38.6,0,29.6,Low,24.63,Low
639,2025-03-29,17:00,Saturday,Yes,Hubballi Railway Station,15.3515,75.1387,Cloudy,824,34.2,1,45.98,Moderate,43.74,Medium
640,2025-01-29,12:00,Wednesday,No,Unkal Lake Road,15.373,75.1115,Clear,555,37.5,0,30.94,Low,25.75,Low
641,2025-04-24,07:00,Thursday,No,Unkal Lake Road,15.373,75.1115,Clear,710,33.2,0,39.21,Moderate,32.62,Low
642,2025-04-03,12:00,Thursday,No,Keshwapur,15.3565,75.1325,Rain,727,36.7,1,40.93,Moderate,39.54,Medium
643,2025-03-19,04:00,Wednesday,No,Gokul Road,15.3652,75.1106,Clear,651,36.5,0,35.01,Moderate,29.1,Low
644,2025-02-03,22:00,Monday,No,Keshwapur,15.3565,75.1325,Clear,561,37.3,0,31.29,Low,26.04,Low
645,2025-02-18,20:00,Tuesday,No,Vidya Nagar,15.37,75.119,Cloudy,742,40.2,0,35.9,Moderate,29.74,Low
646,2025-01-04,07:00,Saturday,Yes,Keshwapur,15.3565,75.1325,Clear,749,38.0,0,37.55,Moderate,31.14,Low
647,2025-01-09,10:00,Thursday,No,MG Road Junction,15.3647,75.1239,Clear,1328,28.2,1,67.79,High,61.73,High
648,2025-04-28,03:00,Monday,No,Vidya Nagar,15.37,75.119,Clear,192,48.7,0,10.86,Low,9.04,Low
649,2025-02-22,04:00,Saturday,Yes,Unkal Lake Road,15.373,75.1115,Cloudy,268,42.2,1,21.04,Low,23.14,Low
650,2025-03-12,19:00,Wednesday,No,Hubballi Railway Station,15.3515,75.1387,Clear,1211,23.1,0,63.52,High,52.76,Medium
651,2025-02-22,02:00,Saturday,Yes,Unkal Lake Road,15.373,75.1115,Clear,276,49.7,0,13.22,Low,10.95,Low
652,2025-03-12,02:00,Wednesday,No,Gokul Road,15.3652,75.1106,Clear,583,36.9,0,32.33,Low,26.9,Low
653,2025-03-06,19:00,Thursday,No,Vidya Nagar,15.37,75.119,Rain,1140,24.9,0,59.84,Moderate,49.71,Medium
654,2025-03-29,06:00,Saturday,Yes,Vidya Nagar,15.37,75.119,Clear,343,40.6,0,21.41,Low,17.87,Low
655,2025-02-22,08:00,Saturday,Yes,MG Road Junction,15.3647,75.1239,Fog,883,28.5,0,48.38,Moderate,40.24,Medium
656,2025-03-06,13:00,Thursday,No,Gokul Road,15.3652,75.1106,Clear,485,40.4,0,26.6,Low,22.13,Low
657,2025-02-18,14:00,Tuesday,No,Hubballi Railway Station,15.3515,75.1387,Fog,538,36.8,0,30.78,Low,25.64,Low
658,2025-02-28,04:00,Friday,No,Airport Road,15.3705,75.096,Rain,663,40.7,0,32.76,Low,27.16,Low
659,2025-04-23,15:00,Wednesday,No,Vidya Nagar,15.37,75.119,Clear,398,40.0,1,27.08,Low,28.14,Low
660,2025-01-20,14:00,Monday,No,Vidya Nagar,15.37,75.119,Clear,364,39.4,0,22.92,Low,19.14,Low
661,2025-02-13,03:00,Thursday,No,MG Road Junction,15.3647,75.1239,Clear,673,36.9,0,35.54,Moderate,29.53,Low
662,2025-02-26,09:00,Wednesday,No,Keshwapur,15.3565,75.1325,Clear,790,39.2,1,41.58,Moderate,40.02,Medium
663,2025-04-26,23:00,Saturday,Yes,Old Bus Stand,15.3502,75.138,Cloudy,293,43.6,0,17.71,Low,14.77,Low
664,2025-04-28,23:00,Monday,No,Hubballi Railway Station,15.3515,75.1387,Clear,408,40.6,1,27.06,Low,28.1,Low
665,2025-02-10,07:00,Monday,No,Unkal Lake Road,15.373,75.1115,Clear,711,33.3,0,39.19,Moderate,32.6,Low
666,2025-01-15,21:00,Wednesday,No,Gokul Road,15.3652,75.1106,Clear,969,26.2,0,52.91,Moderate,44.01,Medium
667,2025-01-28,19:00,Tuesday,No,Vidya Nagar,15.37,75.119,Rain,1057,24.9,1,60.21,High,55.62,Medium
668,2025-01-16,12:00,Thursday,No,Vidya Nagar,15.37,75.119,Clear,365,48.2,0,17.35,Low,14.37,Low
669,2025-02-12,23:00,Wednesday,No,Unkal Lake Road,15.373,75.1115,Clear,448,43.8,1,26.45,Low,27.52,Low
670,2025-02-17,17:00,Monday,No,Hubballi Railway Station,15.3515,75.1387,Clear,1169,31.6,1,59.95,Moderate,55.23,Medium
671,2025-02-27,03:00,Thursday,No,Old Bus Stand,15.3502,75.138,Rain,514,39.1,2,35.13,Moderate,40.35,Medium
672,2025-04-24,11:00,Thursday,No,Keshwapur,15.3565,75.1325,Cloudy,560,35.4,0,32.46,Low,27.04,Low
673,2025-01-04,17:00,Saturday,Yes,Vidya Nagar,15.37,75.119,Clear,776,37.9,0,38.58,Moderate,31.99,Low
674,2025-04-25,09:00,Friday,No,Old Bus Stand,15.3502,75.138,Clear,725,31.2,0,41.02,Moderate,34.15,Low
675,2025-01-23,11:00,Thursday,No,Hubballi Railway Station,15.3515,75.1387,Clear,537,42.2,1,30.64,Low,31.0,Low
676,2025-04-26,19:00,Saturday,Yes,Unkal Lake Road,15.373,75.1115,Clear,554,41.7,0,28.24,Low,23.43,Low
677,2025-02-06,04:00,Thursday,No,MG Road Junction,15.3647,75.1239,Rain,832,33.0,0,43.7,Moderate,36.3,Medium
678,2025-01-02,16:00,Thursday,No,Keshwapur,15.3565,75.1325,Cloudy,383,47.6,0,18.38,Low,15.22,Low
679,2025-01-31,19:00,Friday,No,Gokul Road,15.3652,75.1106,Clear,815,40.2,0,38.51,Moderate,31.87,Low
680,2025-03-23,02:00,Sunday,Yes,Vidya Nagar,15.37,75.119,Rain,432,32.4,0,29.8,Low,24.94,Low
681,2025-04-17,05:00,Thursday,No,Hubballi Railway Station,15.3515,75.1387,Clear,367,47.8,0,17.68,Low,14.64,Low
682,2025-02-21,00:00,Friday,No,MG Road Junction,15.3647,75.1239,Cloudy,645,38.6,1,36.79,Moderate,36.11,Medium
683,2025-02-08,16:00,Saturday,Yes,Gokul Road,15.3652,75.1106,Rain,378,30.1,0,29.34,Low,24.62,Low
684,2025-03-26,20:00,Wednesday,No,Airport Road,15.3705,75.096,Clear,711,38.1,1,39.46,Moderate,38.31,Medium
685,2025-04-15,12:00,Tuesday,No,Hubballi Railway Station,15.3515,75.1387,Cloudy,716,41.0,0,34.46,Low,28.54,Low
686,2025-04-26,19:00,Saturday,Yes,Hubballi Railway Station,15.3515,75.1387,Clear,972,31.0,0,49.96,Moderate,41.48,Medium
687,2025-04-27,15:00,Sunday,Yes,Gokul Road,15.3652,75.1106,Clear,434,47.5,0,20.26,Low,16.76,Low
688,2025-02-08,12:00,Saturday,Yes,MG Road Junction,15.3647,75.1239,Clear,385,39.2,0,23.8,Low,19.86,Low
689,2025-03-07,21:00,Friday,No,Airport Road,15.3705,75.096,Clear,750,36.1,0,38.8,Moderate,32.21,Low
690,2025-01-17,05:00,Friday,No,Old Bus Stand,15.3502,75.138,Cloudy,583,37.6,1,35.21,Moderate,34.85,Low
691,2025-03-09,09:00,Sunday,Yes,Old Bus Stand,15.3502,75.138,Rain,740,26.3,0,44.68,Moderate,37.26,Medium
692,2025-01-11,15:00,Saturday,Yes,Unkal Lake Road,15.373,75.1115,Cloudy,379,39.0,0,23.71,Low,19.79,Low
693,2025-01-30,12:00,Thursday,No,MG Road Junction,15.3647,75.1239,Rain,473,33.8,0,30.37,Low,25.38,Low
694,2025-03-18,14:00,Tuesday,No,Keshwapur,15.3565,75.1325,Rain,644,33.9,1,39.75,Moderate,38.65,Medium
695,2025-03-23,00:00,Sunday,Yes,Vidya Nagar,15.37,75.119,Clear,186,33.5,0,20.32,Low,17.16,Low
696,2025-04-15,01:00,Tuesday,No,Gokul Road,15.3652,75.1106,Clear,740,41.0,0,35.32,Moderate,29.25,Low
697,2025-01-01,09:00,Wednesday,No,Unkal Lake Road,15.373,75.1115,Clear,819,39.9,0,38.84,Moderate,32.15,Low
698,2025-02-03,05:00,Monday,No,Airport Road,15.3705,75.096,Cloudy,186,50.2,1,13.03,Low,16.38,Low
699,2025-02-06,12:00,Thursday,No,Gokul Road,15.3652,75.1106,Rain,592,29.1,0,37.61,Moderate,31.41,Low
700,2025-02-12,20:00,Wednesday,No,Gokul Road,15.3652,75.1106,Clear,926,34.5,0,46.1,Moderate,38.22,Medium
701,2025-02-12,07:00,Wednesday,No,MG Road Junction,15.3647,75.1239,Cloudy,939,39.2,0,43.57,Moderate,36.04,Medium
702,2025-03-18,00:00,Tuesday,No,Vidya Nagar,15.37,75.119,Cloudy,422,46.5,0,20.47,Low,16.96,Low
703,2025-01-16,13:00,Thursday,No,Keshwapur,15.3565,75.1325,Cloudy,329,49.5,0,15.24,Low,12.61,Low
704,2025-04-02,09:00,Wednesday,No,Old Bus Stand,15.3502,75.138,Clear,1079,34.0,1,55.21,Moderate,51.3,Medium
705,2025-01-10,07:00,Friday,No,Hubballi Railway Station,15.3515,75.1387,Clear,1091,33.2,0,52.81,Moderate,43.75,Medium
706,2025-02-22,14:00,Saturday,Yes,Hubballi Railway Station,15.3515,75.1387,Clear,436,36.0,0,27.65,Low,23.1,Low
707,2025-04-03,16:00,Thursday,No,Gokul Road,15.3652,75.1106,Clear,470,46.0,0,22.5,Low,18.63,Low
708,2025-03-17,02:00,Monday,No,Old Bus Stand,15.3502,75.138,Clear,579,38.4,0,31.23,Low,25.96,Low
709,2025-02-05,12:00,Wednesday,No,Old Bus Stand,15.3502,75.138,Cloudy,597,40.2,0,30.73,Low,25.51,Low
710,2025-01-03,14:00,Friday,No,Vidya Nagar,15.37,75.119,Clear,458,41.8,1,28.08,Low,28.91,Low
711,2025-02-21,16:00,Friday,No,Airport Road,15.3705,75.096,Rain,330,29.0,0,28.32,Low,23.82,Low
712,2025-04-29,10:00,Tuesday,No,Airport Road,15.3705,75.096,Clear,598,36.8,1,36.26,Moderate,35.72,Medium
713,2025-01-29,16:00,Wednesday,No,Unkal Lake Road,15.373,75.1115,Cloudy,340,45.3,0,18.31,Low,15.22,Low
714,2025-03-03,20:00,Monday,No,MG Road Junction,15.3647,75.1239,Clear,872,36.2,0,43.09,Moderate,35.72,Medium
715,2025-03-10,01:00,Monday,No,Vidya Nagar,15.37,75.119,Cloudy,431,44.1,0,22.32,Low,18.53,Low
716,2025-03-31,16:00,Monday,No,Vidya Nagar,15.37,75.119,Rain,690,36.9,0,36.15,Moderate,30.02,Low
717,2025-01-22,06:00,Wednesday,No,MG Road Junction,15.3647,75.1239,Clear,705,35.3,0,37.7,Moderate,31.33,Low
718,2025-01-17,00:00,Friday,No,Old Bus Stand,15.3502,75.138,Clear,590,38.1,0,31.81,Low,26.45,Low
719,2025-01-17,20:00,Friday,No,Airport Road,15.3705,75.096,Cloudy,783,37.0,0,39.4,Moderate,32.68,Low
720,2025-01-22,13:00,Wednesday,No,Airport Road,15.3705,75.096,Clear,553,43.7,0,26.93,Low,22.31,Low
721,2025-01-20,19:00,Monday,No,Old Bus Stand,15.3502,75.138,Clear,1144,31.8,0,55.59,Moderate,46.06,Medium
722,2025-03-25,08:00,Tuesday,No,Airport Road,15.3705,75.096,Clear,765,30.7,0,42.77,Moderate,35.59,Medium
723,2025-04-25,20:00,Friday,No,Gokul Road,15.3652,75.1106,Clear,801,36.5,0,40.36,Moderate,33.48,Low
724,2025-03-11,12:00,Tuesday,No,Vidya Nagar,15.37,75.119,Cloudy,561,43.5,0,27.34,Low,22.65,Low
725,2025-03-20,21:00,Thursday,No,Hubballi Railway Station,15.3515,75.1387,Clear,1102,38.7,0,49.7,Moderate,41.07,Medium
726,2025-04-28,10:00,Monday,No,MG Road Junction,15.3647,75.1239,Rain,1143,28.9,0,57.4,Moderate,47.61,Medium
727,2025-03-02,20:00,Sunday,Yes,Airport Road,15.3705,75.096,Cloudy,524,35.1,1,34.7,Low,34.49,Low
728,2025-04-24,12:00,Thursday,No,Unkal Lake Road,15.373,75.1115,Cloudy,311,42.2,1,22.58,Low,24.4,Low
729,2025-01-30,17:00,Thursday,No,Airport Road,15.3705,75.096,Cloudy,835,38.8,0,40.11,Moderate,33.22,Low
730,2025-01-04,10:00,Saturday,Yes,Airport Road,15.3705,75.096,Rain,644,37.9,0,33.87,Low,28.13,Low
731,2025-02-18,16:00,Tuesday,No,Keshwapur,15.3565,75.1325,Clear,383,44.9,0,20.1,Low,16.69,Low
732,2025-04-15,08:00,Tuesday,No,Gokul Road,15.3652,75.1106,Rain,960,29.2,0,50.68,Moderate,42.11,Medium
733,2025-03-21,05:00,Friday,No,MG Road Junction,15.3647,75.1239,Cloudy,543,44.2,0,26.25,Low,21.75,Low
734,2025-03-27,08:00,Thursday,No,Keshwapur,15.3565,75.1325,Cloudy,853,34.1,0,43.74,Moderate,36.31,Medium
735,2025-01-03,02:00,Friday,No,Keshwapur,15.3565,75.1325,Cloudy,374,43.8,0,20.48,Low,17.03,Low
736,2025-01-29,12:00,Wednesday,No,Unkal Lake Road,15.373,75.1115,Clear,222,48.0,0,12.38,Low,10.3,Low
737,2025-01-30,20:00,Thursday,No,Vidya Nagar,15.37,75.119,Clear,967,37.4,0,45.71,Moderate,37.84,Medium
738,2025-03-03,05:00,Monday,No,Unkal Lake Road,15.373,75.1115,Cloudy,354,45.7,0,18.55,Low,15.41,Low
739,2025-01-19,16:00,Sunday,Yes,Vidya Nagar,15.37,75.119,Clear,189,47.8,0,11.33,Low,9.45,Low
740,2025-02-06,16:00,Thursday,No,Vidya Nagar,15.37,75.119,Cloudy,373,38.8,0,23.62,Low,19.73,Low
741,2025-01-21,07:00,Tuesday,No,MG Road Junction,15.3647,75.1239,Clear,1117,33.2,0,53.74,Moderate,44.51,Medium
742,2025-03-17,23:00,Monday,No,Airport Road,15.3705,75.096,Clear,340,39.8,0,21.81,Low,18.22,Low
743,2025-03-28,17:00,Friday,No,MG Road Junction,15.3647,75.1239,Clear,1121,31.9,1,58.04,Moderate,53.67,Medium
744,2025-03-31,06:00,Monday,No,Gokul Road,15.3652,75.1106,Clear,478,37.0,0,28.51,Low,23.78,Low
745,2025-03-07,14:00,Friday,No,Vidya Nagar,15.37,75.119,Clear,256,46.0,0,14.86,Low,12.38,Low
746,2025-04-02,17:00,Wednesday,No,Keshwapur,15.3565,75.1325,Clear,1073,25.8,0,56.88,Moderate,47.26,Medium
747,2025-01-11,09:00,Saturday,Yes,Airport Road,15.3705,75.096,Fog,360,37.7,0,23.86,Low,19.95,Low
748,2025-01-29,01:00,Wednesday,No,Hubballi Railway Station,15.3515,75.1387,Cloudy,561,40.6,0,29.19,Low,24.24,Low
749,2025-01-19,05:00,Sunday,Yes,Gokul Road,15.3652,75.1106,Clear,453,49.6,0,19.6,Low,16.17,Low
750,2025-04-01,05:00,Tuesday,No,MG Road Junction,15.3647,75.1239,Cloudy,485,40.7,0,26.41,Low,21.96,Low
751,2025-02-02,02:00,Sunday,Yes,Unkal Lake Road,15.373,75.1115,Rain,445,36.2,0,27.85,Low,23.25,Low
752,2025-01-12,03:00,Sunday,Yes,Gokul Road,15.3652,75.1106,Cloudy,331,46.3,1,20.68,Low,22.74,Low
753,2025-03-24,16:00,Monday,No,Gokul Road,15.3652,75.1106,Clear,522,40.5,0,27.86,Low,23.15,Low
754,2025-02-14,21:00,Friday,No,Airport Road,15.3705,75.096,Rain,929,31.7,0,47.98,Moderate,39.84,Medium
755,2025-01-10,19:00,Friday,No,Gokul Road,15.3652,75.1106,Cloudy,889,40.1,0,41.21,Moderate,34.09,Low
756,2025-01-17,04:00,Friday,No,Gokul Road,15.3652,75.1106,Clear,564,39.4,0,30.06,Low,24.98,Low
757,2025-02-01,18:00,Saturday,Yes,Hubballi Railway Station,15.3515,75.1387,Clear,1057,38.7,1,51.43,Moderate,48.09,Medium
758,2025-03-19,00:00,Wednesday,No,Old Bus Stand,15.3502,75.138,Cloudy,523,34.3,0,31.84,Low,26.56,Low
759,2025-04-13,00:00,Sunday,Yes,Unkal Lake Road,15.373,75.1115,Clear,234,51.3,1,14.04,Low,17.18,Low
760,2025-01-26,23:00,Sunday,Yes,Unkal Lake Road,15.373,75.1115,Rain,649,27.2,0,40.85,Moderate,34.12,Low
761,2025-04-28,06:00,Monday,No,Unkal Lake Road,15.373,75.1115,Clear,378,48.4,0,17.69,Low,14.64,Low
762,2025-02-22,04:00,Saturday,Yes,Vidya Nagar,15.37,75.119,Rain,463,29.4,0,32.82,Low,27.48,Low
763,2025-01-25,01:00,Saturday,Yes,Keshwapur,15.3565,75.1325,Cloudy,384,50.8,1,19.71,Low,21.84,Low
764,2025-03-30,10:00,Sunday,Yes,Old Bus Stand,15.3502,75.138,Clear,821,37.7,0,40.31,Moderate,33.41,Low
765,2025-01-19,02:00,Sunday,Yes,Unkal Lake Road,15.373,75.1115,Clear,252,40.9,0,17.97,Low,15.05,Low
766,2025-03-31,14:00,Monday,No,Gokul Road,15.3652,75.1106,Cloudy,498,48.8,0,21.72,Low,17.92,Low
767,2025-02-01,19:00,Saturday,Yes,Gokul Road,15.3652,75.1106,Cloudy,908,31.5,1,50.7,Moderate,47.67,Medium
768,2025-04-27,01:00,Sunday,Yes,Unkal Lake Road,15.373,75.1115,Cloudy,248,43.8,0,15.98,Low,13.35,Low
769,2025-04-29,21:00,Tuesday,No,Airport Road,15.3705,75.096,Clear,672,49.5,0,27.48,Low,22.62,Low
770,2025-02-25,09:00,Tuesday,No,Unkal Lake Road,15.373,75.1115,Clear,707,40.2,0,34.65,Low,28.72,Low
771,2025-03-31,09:00,Monday,No,Gokul Road,15.3652,75.1106,Clear,795,29.3,0,44.73,Moderate,37.23,Medium
772,2025-04-29,13:00,Tuesday,No,Vidya Nagar,15.37,75.119,Cloudy,325,42.6,0,19.49,Low,16.25,Low
773,2025-02-26,14:00,Wednesday,No,MG Road Junction,15.3647,75.1239,Clear,409,41.1,0,23.44,Low,19.53,Low
774,2025-04-14,10:00,Monday,No,MG Road Junction,15.3647,75.1239,Clear,1035,35.0,0,49.67,Moderate,41.13,Medium
775,2025-01-19,14:00,Sunday,Yes,Old Bus Stand,15.3502,75.138,Cloudy,496,41.2,0,26.48,Low,22.01,Low
776,2025-03-26,01:00,Wednesday,No,Old Bus Stand,15.3502,75.138,Rain,810,34.4,0,42.02,Moderate,34.89,Low
777,2025-02-25,11:00,Tuesday,No,Unkal Lake Road,15.373,75.1115,Clear,375,36.9,0,24.9,Low,20.82,Low
778,2025-01-11,08:00,Saturday,Yes,Hubballi Railway Station,15.3515,75.1387,Clear,837,34.6,0,42.86,Moderate,35.57,Medium
779,2025-01-07,21:00,Tuesday,No,Unkal Lake Road,15.373,75.1115,Cloudy,805,38.5,0,39.23,Moderate,32.51,Low
780,2025-02-26,14:00,Wednesday,No,Airport Road,15.3705,75.096,Cloudy,133,43.2,0,12.26,Low,10.32,Low
781,2025-02-12,11:00,Wednesday,No,Unkal Lake Road,15.373,75.1115,Clear,247,49.1,0,12.57,Low,10.43,Low
782,2025-01-23,13:00,Thursday,No,Old Bus Stand,15.3502,75.138,Rain,713,30.5,0,41.04,Moderate,34.18,Low
783,2025-02-01,14:00,Saturday,Yes,MG Road Junction,15.3647,75.1239,Rain,652,34.9,0,36.06,Moderate,30.0,Low
784,2025-03-30,16:00,Sunday,Yes,Gokul Road,15.3652,75.1106,Clear,483,41.1,0,26.08,Low,21.69,Low
785,2025-04-01,20:00,Tuesday,No,Unkal Lake Road,15.373,75.1115,Clear,760,33.8,2,47.28,Moderate,50.42,Medium
786,2025-02-03,04:00,Monday,No,Gokul Road,15.3652,75.1106,Clear,200,45.6,0,13.12,Low,10.97,Low
787,2025-01-06,17:00,Monday,No,Gokul Road,15.3652,75.1106,Cloudy,857,31.3,0,45.67,Moderate,37.95,Medium
788,2025-04-03,23:00,Thursday,No,Hubballi Railway Station,15.3515,75.1387,Clear,370,41.3,0,21.92,Low,18.28,Low
789,2025-02-26,09:00,Wednesday,No,Gokul Road,15.3652,75.1106,Cloudy,1031,34.4,0,49.91,Moderate,41.34,Medium
790,2025-04-29,00:00,Tuesday,No,MG Road Junction,15.3647,75.1239,Cloudy,464,36.1,0,28.59,Low,23.86,Low
791,2025-03-20,03:00,Thursday,No,Vidya Nagar,15.37,75.119,Clear,603,42.5,0,29.48,Low,24.43,Low
792,2025-01-03,20:00,Friday,No,Vidya Nagar,15.37,75.119,Cloudy,1027,35.3,0,49.19,Moderate,40.74,Medium
793,2025-04-19,01:00,Saturday,Yes,Keshwapur,15.3565,75.1325,Rain,689,35.9,1,40.08,Moderate,38.87,Medium
794,2025-03-29,12:00,Saturday,Yes,Airport Road,15.3705,75.096,Clear,174,45.7,0,12.13,Low,10.15,Low
795,2025-03-03,09:00,Monday,No,Unkal Lake Road,15.373,75.1115,Clear,790,32.9,0,42.26,Moderate,35.12,Medium
796,2025-01-09,12:00,Thursday,No,Airport Road,15.3705,75.096,Clear,291,44.1,0,17.32,Low,14.44,Low
797,2025-04-01,13:00,Tuesday,No,MG Road Junction,15.3647,75.1239,Rain,687,36.3,0,36.42,Moderate,30.26,Low
798,2025-01-02,18:00,Thursday,No,Gokul Road,15.3652,75.1106,Fog,888,23.4,1,55.14,Moderate,51.5,Medium
799,2025-03-21,10:00,Friday,No,Vidya Nagar,15.37,75.119,Clear,953,30.9,1,52.68,Moderate,49.31,Medium
800,2025-03-31,22:00,Monday,No,Airport Road,15.3705,75.096,Cloudy,261,43.5,0,16.63,Low,13.89,Low
801,2025-02-01,16:00,Saturday,Yes,MG Road Junction,15.3647,75.1239,Clear,113,45.0,1,13.73,Low,17.09,Low
802,2025-03-31,06:00,Monday,No,Vidya Nagar,15.37,75.119,Clear,643,39.4,0,32.88,Low,27.29,Low
803,2025-03-25,02:00,Tuesday,No,Gokul Road,15.3652,75.1106,Clear,533,39.7,0,28.76,Low,23.91,Low
804,2025-03-22,15:00,Saturday,Yes,Airport Road,15.3705,75.096,Clear,159,46.5,0,11.08,Low,9.28,Low
805,2025-02-07,11:00,Friday,No,Vidya Nagar,15.37,75.119,Clear,386,47.7,0,18.42,Low,15.25,Low
806,2025-01-15,23:00,Wednesday,No,Unkal Lake Road,15.373,75.1115,Cloudy,308,46.0,1,20.05,Low,22.24,Low
807,2025-03-13,15:00,Thursday,No,Old Bus Stand,15.3502,75.138,Clear,487,41.7,0,25.85,Low,21.48,Low
808,2025-01-12,16:00,Sunday,Yes,Unkal Lake Road,15.373,75.1115,Rain,493,32.0,0,32.23,Low,26.94,Low
809,2025-03-20,15:00,Thursday,No,Keshwapur,15.3565,75.1325,Clear,534,38.0,1,33.21,Low,33.2,Low
810,2025-01-28,18:00,Tuesday,No,Keshwapur,15.3565,75.1325,Clear,983,38.3,0,45.71,Moderate,37.81,Medium
811,2025-01-04,20:00,Saturday,Yes,Vidya Nagar,15.37,75.119,Clear,668,37.2,1,38.5,Moderate,37.55,Medium
812,2025-01-28,23:00,Tuesday,No,Old Bus Stand,15.3502,75.138,Cloudy,637,35.6,0,35.08,Moderate,29.18,Low
813,2025-03-24,01:00,Monday,No,MG Road Junction,15.3647,75.1239,Clear,230,53.3,0,9.29,Low,7.64,Low
814,2025-01-03,12:00,Friday,No,Unkal Lake Road,15.373,75.1115,Clear,289,50.2,0,13.37,Low,11.06,Low
815,2025-04-22,17:00,Tuesday,No,MG Road Junction,15.3647,75.1239,Fog,946,26.9,0,51.65,Moderate,42.95,Medium
816,2025-02-12,20:00,Wednesday,No,Old Bus Stand,15.3502,75.138,Clear,1167,28.1,0,58.77,Moderate,48.75,Medium
817,2025-03-04,01:00,Tuesday,No,MG Road Junction,15.3647,75.1239,Clear,407,45.5,0,20.57,Low,17.07,Low
818,2025-01-26,03:00,Sunday,Yes,Old Bus Stand,15.3502,75.138,Rain,319,36.8,1,26.3,Low,27.58,Low
819,2025-01-29,09:00,Wednesday,No,Vidya Nagar,15.37,75.119,Clear,874,39.9,0,40.8,Moderate,33.76,Low
820,2025-04-18,13:00,Friday,No,MG Road Junction,15.3647,75.1239,Clear,382,41.0,0,22.54,Low,18.79,Low
821,2025-03-01,12:00,Saturday,Yes,Unkal Lake Road,15.373,75.1115,Clear,250,51.2,0,11.34,Low,9.37,Low
822,2025-04-23,04:00,Wednesday,No,Gokul Road,15.3652,75.1106,Clear,798,35.3,1,44.35,Moderate,42.38,Medium
823,2025-04-06,00:00,Sunday,Yes,Keshwapur,15.3565,75.1325,Clear,453,51.4,0,18.46,Low,15.19,Low
824,2025-01-22,19:00,Wednesday,No,Gokul Road,15.3652,75.1106,Clear,969,35.9,0,46.74,Moderate,38.71,Medium
825,2025-04-10,17:00,Thursday,No,MG Road Junction,15.3647,75.1239,Clear,1074,39.2,0,48.39,Moderate,39.98,Medium
826,2025-04-19,01:00,Saturday,Yes,Gokul Road,15.3652,75.1106,Clear,492,39.3,0,27.55,Low,22.93,Low
827,2025-03-24,00:00,Monday,No,Unkal Lake Road,15.373,75.1115,Cloudy,440,36.9,1,30.56,Low,31.05,Low
828,2025-02-15,21:00,Saturday,Yes,Unkal Lake Road,15.373,75.1115,Clear,616,30.6,0,37.51,Moderate,31.3,Low
829,2025-03-15,01:00,Saturday,Yes,MG Road Junction,15.3647,75.1239,Clear,419,47.5,0,19.73,Low,16.33,Low
830,2025-03-18,12:00,Tuesday,No,Vidya Nagar,15.37,75.119,Rain,352,38.6,1,26.33,Low,27.56,Low
831,2025-04-29,09:00,Tuesday,No,Gokul Road,15.3652,75.1106,Cloudy,714,33.5,0,39.17,Moderate,32.58,Low
832,2025-04-06,16:00,Sunday,Yes,Vidya Nagar,15.37,75.119,Clear,295,49.3,0,14.16,Low,11.72,Low
833,2025-03-29,06:00,Saturday,Yes,Vidya Nagar,15.37,75.119,Rain,362,42.8,0,20.68,Low,17.23,Low
834,2025-02-17,16:00,Monday,No,Old Bus Stand,15.3502,75.138,Clear,568,46.0,0,26.0,Low,21.5,Low
835,2025-04-05,05:00,Saturday,Yes,Hubballi Railway Station,15.3515,75.1387,Clear,414,37.1,0,26.17,Low,21.85,Low
836,2025-04-06,06:00,Sunday,Yes,MG Road Junction,15.3647,75.1239,Cloudy,288,49.1,1,17.37,Low,19.96,Low
837,2025-02-14,23:00,Friday,No,Keshwapur,15.3565,75.1325,Clear,471,43.3,0,24.26,Low,20.14,Low
838,2025-04-10,21:00,Thursday,No,Unkal Lake Road,15.373,75.1115,Clear,734,43.9,0,33.26,Low,27.49,Low
839,2025-01-05,10:00,Sunday,Yes,Unkal Lake Road,15.373,75.1115,Clear,796,39.6,0,38.21,Moderate,31.64,Low
840,2025-01-02,23:00,Thursday,No,MG Road Junction,15.3647,75.1239,Clear,575,41.0,0,29.43,Low,24.43,Low
841,2025-01-15,00:00,Wednesday,No,Old Bus Stand,15.3502,75.138,Clear,267,49.5,0,13.03,Low,10.8,Low
842,2025-02-13,17:00,Thursday,No,Airport Road,15.3705,75.096,Rain,1010,32.9,0,50.11,Moderate,41.55,Medium
843,2025-04-29,19:00,Tuesday,No,Airport Road,15.3705,75.096,Clear,651,43.6,0,30.49,Low,25.23,Low
844,2025-02-23,08:00,Sunday,Yes,Airport Road,15.3705,75.096,Rain,551,33.7,0,33.22,Low,27.71,Low
845,2025-03-27,15:00,Thursday,No,Old Bus Stand,15.3502,75.138,Cloudy,787,36.8,0,39.67,Moderate,32.91,Low
846,2025-01-27,00:00,Monday,No,Keshwapur,15.3565,75.1325,Rain,615,27.9,1,42.53,Moderate,41.07,Medium
847,2025-03-20,18:00,Thursday,No,Unkal Lake Road,15.373,75.1115,Cloudy,854,34.4,0,43.59,Moderate,36.17,Medium
848,2025-02-23,04:00,Sunday,Yes,MG Road Junction,15.3647,75.1239,Cloudy,513,44.3,0,25.12,Low,20.82,Low
849,2025-03-13,11:00,Thursday,No,Old Bus Stand,15.3502,75.138,Clear,457,44.2,0,23.18,Low,19.24,Low
850,2025-04-26,06:00,Saturday,Yes,Unkal Lake Road,15.373,75.1115,Clear,227,41.1,0,16.95,Low,14.21,Low
851,2025-01-13,14:00,Monday,No,Vidya Nagar,15.37,75.119,Clear,357,48.4,0,16.94,Low,14.03,Low
852,2025-01-27,14:00,Monday,No,Gokul Road,15.3652,75.1106,Rain,812,44.1,0,35.92,Moderate,29.66,Low
853,2025-01-03,07:00,Friday,No,Gokul Road,15.3652,75.1106,Rain,1093,24.8,0,58.23,Moderate,48.39,Medium
854,2025-01-31,05:00,Friday,No,Old Bus Stand,15.3502,75.138,Clear,670,38.2,0,34.6,Low,28.73,Low
855,2025-01-22,21:00,Wednesday,No,Unkal Lake Road,15.373,75.1115,Clear,771,35.2,0,40.12,Moderate,33.31,Low
856,2025-01-20,17:00,Monday,No,Hubballi Railway Station,15.3515,75.1387,Clear,937,35.1,0,46.11,Moderate,38.22,Medium
857,2025-01-02,03:00,Thursday,No,Keshwapur,15.3565,75.1325,Cloudy,263,45.6,0,15.37,Low,12.81,Low
858,2025-03-30,13:00,Sunday,Yes,Airport Road,15.3705,75.096,Clear,326,40.9,0,20.61,Low,17.21,Low
859,2025-01-16,04:00,Thursday,No,Keshwapur,15.3565,75.1325,Cloudy,670,38.0,1,38.06,Moderate,37.17,Medium
860,2025-04-24,01:00,Thursday,No,Keshwapur,15.3565,75.1325,Fog,335,35.9,0,24.11,Low,20.2,Low
861,2025-01-22,21:00,Wednesday,No,Old Bus Stand,15.3502,75.138,Clear,1098,35.2,0,51.79,Moderate,42.86,Medium
862,2025-04-25,10:00,Friday,No,Vidya Nagar,15.37,75.119,Clear,649,45.2,0,29.4,Low,24.3,Low
863,2025-02-25,15:00,Tuesday,No,Keshwapur,15.3565,75.1325,Clear,378,42.9,0,21.19,Low,17.64,Low
864,2025-02-06,18:00,Thursday,No,Gokul Road,15.3652,75.1106,Clear,1034,32.0,1,54.87,Moderate,51.07,Medium
865,2025-02-12,22:00,Wednesday,No,Vidya Nagar,15.37,75.119,Clear,203,48.1,0,11.64,Low,9.69,Low
866,2025-02-12,18:00,Wednesday,No,MG Road Junction,15.3647,75.1239,Clear,1090,35.1,0,51.57,Moderate,42.68,Medium
867,2025-03-10,14:00,Monday,No,Keshwapur,15.3565,75.1325,Rain,461,36.1,0,28.48,Low,23.77,Low
868,2025-02-08,06:00,Saturday,Yes,Keshwapur,15.3565,75.1325,Clear,430,44.2,0,22.22,Low,18.45,Low
869,2025-04-27,13:00,Sunday,Yes,MG Road Junction,15.3647,75.1239,Clear,379,41.4,0,22.18,Low,18.49,Low
870,2025-04-11,10:00,Friday,No,Keshwapur,15.3565,75.1325,Rain,1142,25.7,1,62.74,High,57.66,Medium
871,2025-03-15,22:00,Saturday,Yes,MG Road Junction,15.3647,75.1239,Cloudy,362,35.6,0,25.27,Low,21.15,Low
872,2025-03-05,19:00,Wednesday,No,Vidya Nagar,15.37,75.119,Clear,696,37.4,0,36.04,Moderate,29.92,Low
873,2025-04-29,21:00,Tuesday,No,Gokul Road,15.3652,75.1106,Cloudy,795,30.3,0,44.09,Moderate,36.69,Medium
874,2025-04-27,02:00,Sunday,Yes,MG Road Junction,15.3647,75.1239,Clear,118,43.9,0,11.28,Low,9.5,Low
875,2025-03-21,10:00,Friday,No,Hubballi Railway Station,15.3515,75.1387,Cloudy,1081,35.9,0,50.74,Moderate,41.99,Medium
876,2025-02-20,15:00,Thursday,No,Old Bus Stand,15.3502,75.138,Cloudy,845,30.7,0,45.62,Moderate,37.93,Medium
877,2025-03-10,22:00,Monday,No,Old Bus Stand,15.3502,75.138,Cloudy,547,39.9,0,29.13,Low,24.21,Low
878,2025-01-21,04:00,Tuesday,No,MG Road Junction,15.3647,75.1239,Clear,767,38.0,1,41.53,Moderate,40.0,Medium
879,2025-03-28,11:00,Friday,No,Old Bus Stand,15.3502,75.138,Rain,765,31.8,1,45.4,Moderate,43.33,Medium
880,2025-01-30,17:00,Thursday,No,Keshwapur,15.3565,75.1325,Clear,883,34.3,0,44.69,Moderate,37.08,Medium
881,2025-02-14,06:00,Friday,No,Airport Road,15.3705,75.096,Clear,461,43.2,0,23.96,Low,19.9,Low
882,2025-03-24,08:00,Monday,No,Airport Road,15.3705,75.096,Clear,628,41.5,1,34.34,Low,34.04,Low
883,2025-02-24,00:00,Monday,No,Old Bus Stand,15.3502,75.138,Clear,422,42.4,0,23.08,Low,19.2,Low
884,2025-02-22,06:00,Saturday,Yes,Vidya Nagar,15.37,75.119,Clear,291,42.4,0,18.4,Low,15.37,Low
885,2025-03-30,21:00,Sunday,Yes,Unkal Lake Road,15.373,75.1115,Rain,710,37.0,0,36.8,Moderate,30.55,Low
886,2025-01-06,05:00,Monday,No,Vidya Nagar,15.37,75.119,Rain,602,29.7,0,37.59,Moderate,31.38,Low
887,2025-01-23,08:00,Thursday,No,Unkal Lake Road,15.373,75.1115,Clear,666,41.9,0,32.11,Low,26.59,Low
888,2025-04-02,08:00,Wednesday,No,Airport Road,15.3705,75.096,Clear,762,39.5,0,37.06,Moderate,30.71,Low
889,2025-03-28,08:00,Friday,No,Airport Road,15.3705,75.096,Clear,760,38.7,0,37.5,Moderate,31.08,Low
890,2025-03-08,19:00,Saturday,Yes,MG Road Junction,15.3647,75.1239,Clear,903,35.9,0,44.38,Moderate,36.79,Medium
891,2025-01-03,18:00,Friday,No,Gokul Road,15.3652,75.1106,Clear,1262,23.6,0,65.02,High,53.98,Medium
892,2025-01-10,16:00,Friday,No,Hubballi Railway Station,15.3515,75.1387,Rain,799,37.9,0,39.4,Moderate,32.66,Low
893,2025-03-31,20:00,Monday,No,Vidya Nagar,15.37,75.119,Clear,980,38.3,0,45.6,Moderate,37.73,Medium
894,2025-02-18,17:00,Tuesday,No,Keshwapur,15.3565,75.1325,Clear,959,31.4,0,49.25,Moderate,40.88,Medium
895,2025-03-31,22:00,Monday,No,Unkal Lake Road,15.373,75.1115,Clear,406,45.6,0,20.47,Low,16.98,Low
896,2025-04-05,19:00,Saturday,Yes,Old Bus Stand,15.3502,75.138,Rain,994,30.5,1,54.4,Moderate,50.72,Medium
897,2025-01-05,14:00,Sunday,Yes,Keshwapur,15.3565,75.1325,Cloudy,353,41.0,0,21.51,Low,17.94,Low
898,2025-03-04,05:00,Tuesday,No,Gokul Road,15.3652,75.1106,Rain,541,40.6,0,28.47,Low,23.65,Low
899,2025-03-28,17:00,Friday,No,Unkal Lake Road,15.373,75.1115,Cloudy,523,39.3,0,28.66,Low,23.84,Low
900,2025-01-26,22:00,Sunday,Yes,Vidya Nagar,15.37,75.119,Clear,400,48.1,0,18.67,Low,15.44,Low
901,2025-04-27,11:00,Sunday,Yes,MG Road Junction,15.3647,75.1239,Clear,559,42.7,0,27.78,Low,23.03,Low
902,2025-04-21,02:00,Monday,No,Keshwapur,15.3565,75.1325,Cloudy,299,47.8,0,15.25,Low,12.66,Low
903,2025-04-14,00:00,Monday,No,Gokul Road,15.3652,75.1106,Clear,555,42.9,0,27.51,Low,22.81,Low
904,2025-04-21,20:00,Monday,No,Vidya Nagar,15.37,75.119,Cloudy,786,39.7,0,37.79,Moderate,31.3,Low
905,2025-03-06,05:00,Thursday,No,Airport Road,15.3705,75.096,Clear,302,44.8,0,17.27,Low,14.38,Low
906,2025-04-25,03:00,Friday,No,Airport Road,15.3705,75.096,Clear,465,38.9,0,26.84,Low,22.36,Low
907,2025-02-24,09:00,Monday,No,Vidya Nagar,15.37,75.119,Clear,694,39.0,0,34.95,Low,28.99,Low
908,2025-03-15,09:00,Saturday,Yes,Vidya Nagar,15.37,75.119,Cloudy,516,44.8,0,24.91,Low,20.63,Low
909,2025-03-24,07:00,Monday,No,Vidya Nagar,15.37,75.119,Cloudy,1021,37.3,0,47.7,Moderate,39.47,Medium
910,2025-04-09,10:00,Wednesday,No,Unkal Lake Road,15.373,75.1115,Clear,722,40.4,1,38.39,Moderate,37.38,Medium
911,2025-02-06,12:00,Thursday,No,Vidya Nagar,15.37,75.119,Clear,551,32.3,0,34.11,Low,28.47,Low
912,2025-03-24,21:00,Monday,No,Keshwapur,15.3565,75.1325,Clear,742,37.3,0,37.75,Moderate,31.32,Low
913,2025-02-24,16:00,Monday,No,Gokul Road,15.3652,75.1106,Clear,265,43.2,0,16.97,Low,14.17,Low
914,2025-03-02,20:00,Sunday,Yes,Unkal Lake Road,15.373,75.1115,Clear,510,36.8,1,33.12,Low,33.15,Low
915,2025-04-23,21:00,Wednesday,No,Vidya Nagar,15.37,75.119,Clear,799,41.0,0,37.43,Moderate,30.97,Low
916,2025-04-07,20:00,Monday,No,Hubballi Railway Station,15.3515,75.1387,Clear,844,28.6,0,46.92,Moderate,39.05,Medium
917,2025-03-14,05:00,Friday,No,Old Bus Stand,15.3502,75.138,Clear,538,44.2,1,29.41,Low,29.93,Low
918,2025-03-08,21:00,Saturday,Yes,Hubballi Railway Station,15.3515,75.1387,Clear,877,41.6,0,39.83,Moderate,32.92,Low
919,2025-03-05,14:00,Wednesday,No,Gokul Road,15.3652,75.1106,Clear,350,42.5,0,20.45,Low,17.04,Low
920,2025-04-22,07:00,Tuesday,No,Airport Road,15.3705,75.096,Clear,595,39.8,0,30.91,Low,25.67,Low
921,2025-04-17,19:00,Thursday,No,MG Road Junction,15.3647,75.1239,Clear,990,38.7,1,49.04,Moderate,46.13,Medium
922,2025-04-10,21:00,Thursday,No,MG Road Junction,15.3647,75.1239,Clear,918,32.7,0,46.96,Moderate,38.97,Medium
923,2025-03-09,22:00,Sunday,Yes,Old Bus Stand,15.3502,75.138,Cloudy,100,49.3,0,7.2,Low,6.03,Low
924,2025-02-18,08:00,Tuesday,No,Airport Road,15.3705,75.096,Clear,667,35.4,0,36.28,Moderate,30.17,Low
925,2025-02-01,14:00,Saturday,Yes,Unkal Lake Road,15.373,75.1115,Clear,242,39.9,0,18.25,Low,15.3,Low
926,2025-01-11,02:00,Saturday,Yes,Unkal Lake Road,15.373,75.1115,Clear,253,45.8,0,14.88,Low,12.41,Low
927,2025-04-18,22:00,Friday,No,Unkal Lake Road,15.373,75.1115,Cloudy,261,44.4,0,16.06,Low,13.4,Low
928,2025-02-14,07:00,Friday,No,MG Road Junction,15.3647,75.1239,Rain,1276,19.1,0,68.39,High,56.84,Medium
929,2025-01-10,12:00,Friday,No,Hubballi Railway Station,15.3515,75.1387,Cloudy,842,42.4,0,38.07,Moderate,31.46,Low
930,2025-04-19,03:00,Saturday,Yes,MG Road Junction,15.3647,75.1239,Cloudy,279,42.6,0,17.85,Low,14.91,Low
931,2025-02-08,07:00,Saturday,Yes,Keshwapur,15.3565,75.1325,Clear,884,38.3,0,42.18,Moderate,34.92,Low
932,2025-02-21,22:00,Friday,No,Vidya Nagar,15.37,75.119,Cloudy,448,48.4,0,20.19,Low,16.68,Low
933,2025-01-01,05:00,Wednesday,No,Unkal Lake Road,15.373,75.1115,Cloudy,373,44.0,0,20.31,Low,16.89,Low
934,2025-01-20,11:00,Monday,No,Hubballi Railway Station,15.3515,75.1387,Clear,446,47.1,0,20.95,Low,17.33,Low
935,2025-03-15,03:00,Saturday,Yes,Gokul Road,15.3652,75.1106,Clear,357,39.8,1,25.75,Low,27.05,Low
936,2025-01-04,02:00,Saturday,Yes,Old Bus Stand,15.3502,75.138,Clear,540,46.5,0,24.68,Low,20.41,Low
937,2025-01-01,03:00,Wednesday,No,Gokul Road,15.3652,75.1106,Rain,437,33.9,0,29.02,Low,24.27,Low
938,2025-03-19,22:00,Wednesday,No,Vidya Nagar,15.37,75.119,Clear,373,40.7,0,22.41,Low,18.69,Low
939,2025-01-27,21:00,Monday,No,Hubballi Railway Station,15.3515,75.1387,Cloudy,1224,25.9,0,62.2,High,51.62,Medium
940,2025-01-05,21:00,Sunday,Yes,MG Road Junction,15.3647,75.1239,Clear,999,35.8,1,51.21,Moderate,47.98,Medium
941,2025-03-09,21:00,Sunday,Yes,MG Road Junction,15.3647,75.1239,Clear,684,41.4,0,33.07,Low,27.39,Low
942,2025-04-17,07:00,Thursday,No,Keshwapur,15.3565,75.1325,Clear,876,39.4,0,41.19,Moderate,34.09,Low
943,2025-03-26,05:00,Wednesday,No,Keshwapur,15.3565,75.1325,Clear,545,35.0,0,32.18,Low,26.82,Low
944,2025-02-09,10:00,Sunday,Yes,MG Road Junction,15.3647,75.1239,Rain,1026,30.8,0,52.02,Moderate,43.16,Medium
945,2025-04-20,05:00,Sunday,Yes,Gokul Road,15.3652,75.1106,Cloudy,502,43.0,0,25.55,Low,21.2,Low
946,2025-03-03,00:00,Monday,No,Old Bus Stand,15.3502,75.138,Clear,540,43.3,0,26.72,Low,22.15,Low
947,2025-01-09,01:00,Thursday,No,Unkal Lake Road,15.373,75.1115,Rain,548,32.6,1,37.15,Moderate,36.55,Medium
948,2025-02-05,06:00,Wednesday,No,Gokul Road,15.3652,75.1106,Clear,519,31.1,0,33.73,Low,28.19,Low
949,2025-04-26,02:00,Saturday,Yes,Old Bus Stand,15.3502,75.138,Fog,601,34.8,0,34.3,Low,28.57,Low
950,2025-02-28,23:00,Friday,No,Keshwapur,15.3565,75.1325,Clear,395,42.2,0,22.24,Low,18.52,Low
951,2025-03-02,18:00,Sunday,Yes,Vidya Nagar,15.37,75.119,Clear,673,40.1,1,36.84,Moderate,36.11,Medium
952,2025-04-03,12:00,Thursday,No,Old Bus Stand,15.3502,75.138,Clear,343,43.0,0,19.88,Low,16.56,Low
953,2025-03-11,12:00,Tuesday,No,MG Road Junction,15.3647,75.1239,Clear,336,44.5,0,18.67,Low,15.54,Low
954,2025-04-09,21:00,Wednesday,No,Keshwapur,15.3565,75.1325,Clear,992,37.7,1,49.75,Moderate,46.74,Medium
955,2025-03-01,17:00,Saturday,Yes,Keshwapur,15.3565,75.1325,Cloudy,647,31.9,0,37.79,Moderate,31.49,Low
956,2025-02-17,13:00,Monday,No,Unkal Lake Road,15.373,75.1115,Rain,483,41.1,0,26.08,Low,21.69,Low
957,2025-03-17,10:00,Monday,No,MG Road Junction,15.3647,75.1239,Cloudy,1277,30.2,0,61.36,High,50.82,Medium
958,2025-01-31,03:00,Friday,No,Unkal Lake Road,15.373,75.1115,Clear,535,47.4,0,23.93,Low,19.77,Low
959,2025-01-10,08:00,Friday,No,MG Road Junction,15.3647,75.1239,Clear,1367,27.9,2,72.7,High,71.37,High
960,2025-01-23,03:00,Thursday,No,Unkal Lake Road,15.373,75.1115,Clear,544,38.0,0,30.23,Low,25.16,Low
961,2025-01-05,16:00,Sunday,Yes,Old Bus Stand,15.3502,75.138,Clear,716,37.9,2,43.1,Moderate,46.9,Medium
962,2025-04-02,03:00,Wednesday,No,Gokul Road,15.3652,75.1106,Cloudy,532,42.9,0,26.69,Low,22.14,Low
963,2025-01-24,06:00,Friday,No,Vidya Nagar,15.37,75.119,Clear,299,42.9,0,18.37,Low,15.33,Low
964,2025-03-27,08:00,Thursday,No,Vidya Nagar,15.37,75.119,Clear,693,41.1,0,33.58,Low,27.82,Low
965,2025-03-31,01:00,Monday,No,MG Road Junction,15.3647,75.1239,Clear,726,36.8,0,37.49,Moderate,31.13,Low
966,2025-01-28,05:00,Tuesday,No,Hubballi Railway Station,15.3515,75.1387,Fog,502,33.4,0,31.66,Low,26.44,Low
967,2025-01-14,07:00,Tuesday,No,Airport Road,15.3705,75.096,Clear,687,47.8,0,29.1,Low,23.99,Low
968,2025-03-07,13:00,Friday,No,Keshwapur,15.3565,75.1325,Clear,379,44.4,1,23.61,Low,25.18,Low
969,2025-03-18,04:00,Tuesday,No,Keshwapur,15.3565,75.1325,Clear,394,44.5,2,27.41,Low,33.9,Low
970,2025-03-21,21:00,Friday,No,MG Road Junction,15.3647,75.1239,Clear,1150,26.8,0,58.99,Moderate,48.96,Medium
971,2025-01-06,18:00,Monday,No,Old Bus Stand,15.3502,75.138,Clear,878,41.7,0,39.8,Moderate,32.89,Low
972,2025-03-26,10:00,Wednesday,No,Unkal Lake Road,15.373,75.1115,Clear,765,42.1,1,38.85,Moderate,37.71,Medium
973,2025-04-07,02:00,Monday,No,Hubballi Railway Station,15.3515,75.1387,Cloudy,711,35.7,0,37.66,Moderate,31.29,Low
974,2025-02-07,13:00,Friday,No,Gokul Road,15.3652,75.1106,Clear,181,49.8,0,9.77,Low,8.12,Low
975,2025-01-29,17:00,Wednesday,No,Unkal Lake Road,15.373,75.1115,Cloudy,615,41.1,1,34.13,Low,33.87,Low
976,2025-03-26,23:00,Wednesday,No,Unkal Lake Road,15.373,75.1115,Fog,441,34.3,0,28.91,Low,24.17,Low
977,2025-01-01,09:00,Wednesday,No,MG Road Junction,15.3647,75.1239,Cloudy,1239,36.6,0,55.93,Moderate,46.22,Medium
978,2025-01-11,20:00,Saturday,Yes,MG Road Junction,15.3647,75.1239,Clear,779,35.6,0,40.15,Moderate,33.33,Low
979,2025-03-22,22:00,Saturday,Yes,Old Bus Stand,15.3502,75.138,Clear,100,43.8,0,10.7,Low,9.03,Low
980,2025-03-11,17:00,Tuesday,No,Keshwapur,15.3565,75.1325,Cloudy,1136,33.7,0,54.1,Moderate,44.79,Medium
981,2025-04-03,11:00,Thursday,No,MG Road Junction,15.3647,75.1239,Cloudy,396,44.8,0,20.62,Low,17.13,Low
982,2025-03-27,20:00,Thursday,No,MG Road Junction,15.3647,75.1239,Clear,1038,38.0,1,51.2,Moderate,47.92,Medium
983,2025-02-19,15:00,Wednesday,No,MG Road Junction,15.3647,75.1239,Cloudy,565,39.9,0,29.77,Low,24.74,Low
984,2025-03-09,11:00,Sunday,Yes,Old Bus Stand,15.3502,75.138,Clear,286,40.8,0,19.24,Low,16.1,Low
985,2025-01-14,08:00,Tuesday,No,Keshwapur,15.3565,75.1325,Clear,786,47.6,0,32.76,Low,26.99,Low
986,2025-02-25,22:00,Tuesday,No,Gokul Road,15.3652,75.1106,Clear,355,38.9,1,26.25,Low,27.48,Low
987,2025-03-10,04:00,Monday,No,Gokul Road,15.3652,75.1106,Clear,726,38.5,1,39.75,Moderate,38.53,Medium
988,2025-04-10,00:00,Thursday,No,Airport Road,15.3705,75.096,Clear,451,45.1,0,22.4,Low,18.57,Low
989,2025-04-29,00:00,Tuesday,No,Airport Road,15.3705,75.096,Cloudy,394,47.4,0,18.9,Low,15.65,Low
990,2025-04-28,16:00,Monday,No,MG Road Junction,15.3647,75.1239,Clear,191,43.2,1,17.66,Low,20.35,Low
991,2025-03-25,02:00,Tuesday,No,Airport Road,15.3705,75.096,Clear,394,35.2,0,26.66,Low,22.31,Low
992,2025-03-22,23:00,Saturday,Yes,Keshwapur,15.3565,75.1325,Clear,419,40.1,0,24.44,Low,20.36,Low
993,2025-03-26,22:00,Wednesday,No,Old Bus Stand,15.3502,75.138,Clear,307,47.4,0,15.79,Low,13.11,Low
994,2025-02-16,14:00,Sunday,Yes,Gokul Road,15.3652,75.1106,Clear,404,45.2,0,20.66,Low,17.14,Low
995,2025-03-08,20:00,Saturday,Yes,Unkal Lake Road,15.373,75.1115,Cloudy,720,41.1,1,37.88,Moderate,36.94,Medium
996,2025-04-09,13:00,Wednesday,No,Gokul Road,15.3652,75.1106,Cloudy,550,43.5,0,26.95,Low,22.33,Low
997,2025-01-10,19:00,Friday,No,Gokul Road,15.3652,75.1106,Cloudy,905,41.3,0,41.02,Moderate,33.9,Low
998,2025-03-24,01:00,Monday,No,Keshwapur,15.3565,75.1325,Cloudy,452,38.9,0,26.38,Low,21.98,Low
999,2025-01-14,21:00,Tuesday,No,Airport Road,15.3705,75.096,Clear,784,32.8,0,42.11,Moderate,35.0,Medium
1000,2025-03-21,12:00,Friday,No,Unkal Lake Road,15.373,75.1115,Clear,375,44.5,0,20.07,Low,16.68,Low
1001,2025-01-16,15:00,Thursday,No,Keshwapur,15.3565,75.1325,Clear,613,35.6,0,34.22,Low,28.48,Low
1002,2025-02-18,08:00,Tuesday,No,MG Road Junction,15.3647,75.1239,Clear,1094,28.4,0,55.97,Moderate,46.46,Medium
1003,2025-04-20,19:00,Sunday,Yes,Old Bus Stand,15.3502,75.138,Fog,906,32.8,0,46.46,Moderate,38.57,Medium
1004,2025-03-07,10:00,Friday,No,Vidya Nagar,15.37,75.119,Clear,906,36.9,1,47.19,Moderate,44.66,Medium
1005,2025-04-17,16:00,Thursday,No,Gokul Road,15.3652,75.1106,Clear,327,43.8,1,22.13,Low,23.99,Low
1006,2025-02-24,23:00,Monday,No,Vidya Nagar,15.37,75.119,Rain,531,36.1,1,34.31,Low,34.15,Low
1007,2025-03-19,07:00,Wednesday,No,Old Bus Stand,15.3502,75.138,Rain,1045,28.6,1,57.43,Moderate,53.25,Medium
1008,2025-02-27,04:00,Thursday,No,Old Bus Stand,15.3502,75.138,Cloudy,633,44.4,0,29.34,Low,24.27,Low
1009,2025-02-06,08:00,Thursday,No,Keshwapur,15.3565,75.1325,Clear,960,29.1,1,54.08,Moderate,50.49,Medium
1010,2025-02-22,04:00,Saturday,Yes,Keshwapur,15.3565,75.1325,Clear,327,37.4,0,22.87,Low,19.15,Low
1011,2025-04-07,13:00,Monday,No,Keshwapur,15.3565,75.1325,Clear,283,40.5,0,19.33,Low,16.17,Low
1012,2025-03-19,03:00,Wednesday,No,Vidya Nagar,15.37,75.119,Clear,218,46.2,0,13.38,Low,11.17,Low
1013,2025-04-29,13:00,Tuesday,No,Keshwapur,15.3565,75.1325,Clear,490,48.7,1,24.83,Low,26.08,Low
1014,2025-02-24,18:00,Monday,No,Old Bus Stand,15.3502,75.138,Clear,925,39.1,0,43.13,Moderate,35.68,Medium
1015,2025-01-31,04:00,Friday,No,MG Road Junction,15.3647,75.1239,Rain,737,35.5,0,38.71,Moderate,32.16,Low
1016,2025-03-27,12:00,Thursday,No,Keshwapur,15.3565,75.1325,Clear,236,44.5,0,15.1,Low,12.62,Low
1017,2025-01-04,05:00,Saturday,Yes,Hubballi Railway Station,15.3515,75.1387,Cloudy,614,34.5,0,34.96,Low,29.11,Low
1018,2025-04-20,05:00,Sunday,Yes,Airport Road,15.3705,75.096,Cloudy,328,45.7,1,20.96,Low,22.98,Low
1019,2025-01-06,11:00,Monday,No,Vidya Nagar,15.37,75.119,Clear,417,50.5,0,17.75,Low,14.63,Low
1020,2025-01-26,00:00,Sunday,Yes,Hubballi Railway Station,15.3515,75.1387,Cloudy,627,38.7,0,32.75,Low,27.2,Low
1021,2025-03-15,20:00,Saturday,Yes,Keshwapur,15.3565,75.1325,Clear,864,34.2,1,47.41,Moderate,44.91,Medium
1022,2025-02-14,09:00,Friday,No,Old Bus Stand,15.3502,75.138,Clear,905,35.0,0,45.03,Moderate,37.34,Medium
1023,2025-03-31,00:00,Monday,No,MG Road Junction,15.3647,75.1239,Cloudy,529,43.3,0,26.33,Low,21.83,Low
1024,2025-04-13,01:00,Sunday,Yes,Gokul Road,15.3652,75.1106,Clear,100,47.1,0,8.6,Low,7.23,Low
1025,2025-04-08,15:00,Tuesday,No,Unkal Lake Road,15.373,75.1115,Fog,482,37.2,0,28.53,Low,23.78,Low
1026,2025-03-19,15:00,Wednesday,No,Airport Road,15.3705,75.096,Clear,309,43.7,0,18.22,Low,15.19,Low
1027,2025-02-24,22:00,Monday,No,Unkal Lake Road,15.373,75.1115,Cloudy,158,44.9,0,12.07,Low,10.12,Low
1028,2025-01-26,15:00,Sunday,Yes,Keshwapur,15.3565,75.1325,Clear,197,46.3,1,15.9,Low,18.83,Low
1029,2025-04-29,15:00,Tuesday,No,Airport Road,15.3705,75.096,Clear,422,40.2,0,24.48,Low,20.4,Low
1030,2025-04-13,21:00,Sunday,Yes,Airport Road,15.3705,75.096,Clear,713,45.5,0,31.49,Low,26.0,Low
1031,2025-03-20,16:00,Thursday,No,MG Road Junction,15.3647,75.1239,Cloudy,521,44.3,0,25.4,Low,21.05,Low
1032,2025-02-13,14:00,Thursday,No,Airport Road,15.3705,75.096,Rain,362,33.8,0,26.41,Low,22.13,Low
1033,2025-01-24,22:00,Friday,No,Vidya Nagar,15.37,75.119,Rain,359,35.2,0,25.41,Low,21.28,Low
1034,2025-04-02,06:00,Wednesday,No,Hubballi Railway Station,15.3515,75.1387,Clear,697,41.0,0,33.79,Low,27.99,Low
1035,2025-02-11,08:00,Tuesday,No,Hubballi Railway Station,15.3515,75.1387,Cloudy,1054,34.7,0,50.54,Moderate,41.85,Medium
1036,2025-04-24,00:00,Thursday,No,Hubballi Railway Station,15.3515,75.1387,Cloudy,448,43.2,0,23.5,Low,19.52,Low
1037,2025-04-02,08:00,Wednesday,No,Vidya Nagar,15.37,75.119,Cloudy,744,37.3,0,37.82,Moderate,31.38,Low
1038,2025-02-22,00:00,Saturday,Yes,Unkal Lake Road,15.373,75.1115,Clear,359,45.0,0,19.18,Low,15.94,Low
1039,2025-01-21,22:00,Tuesday,No,MG Road Junction,15.3647,75.1239,Cloudy,614,39.1,0,32.03,Low,26.6,Low
1040,2025-03-25,05:00,Tuesday,No,Airport Road,15.3705,75.096,Rain,370,40.3,0,22.56,Low,18.82,Low
1041,2025-02-04,04:00,Tuesday,No,Vidya Nagar,15.37,75.119,Clear,271,47.5,0,14.45,Low,12.0,Low
1042,2025-03-31,15:00,Monday,No,Hubballi Railway Station,15.3515,75.1387,Rain,459,43.3,0,23.83,Low,19.79,Low
1043,2025-03-24,02:00,Monday,No,Keshwapur,15.3565,75.1325,Cloudy,389,40.8,0,22.92,Low,19.1,Low
1044,2025-01-09,05:00,Thursday,No,Gokul Road,15.3652,75.1106,Clear,378,42.9,0,21.19,Low,17.64,Low
1045,2025-03-11,13:00,Tuesday,No,Airport Road,15.3705,75.096,Clear,495,36.5,0,29.44,Low,24.55,Low
1046,2025-04-20,10:00,Sunday,Yes,Vidya Nagar,15.37,75.119,Clear,573,47.7,1,28.43,Low,29.05,Low
1047,2025-04-12,14:00,Saturday,Yes,Old Bus Stand,15.3502,75.138,Clear,204,37.4,0,18.48,Low,15.56,Low
1048,2025-02-20,02:00,Thursday,No,Vidya Nagar,15.37,75.119,Rain,385,44.6,1,23.69,Low,25.25,Low
1049,2025-04-19,09:00,Saturday,Yes,MG Road Junction,15.3647,75.1239,Clear,780,38.0,0,38.66,Moderate,32.05,Low
1050,2025-03-03,07:00,Monday,No,MG Road Junction,15.3647,75.1239,Rain,883,32.9,1,48.91,Moderate,46.17,Medium
1051,2025-03-10,14:00,Monday,No,Vidya Nagar,15.37,75.119,Rain,518,35.4,1,34.29,Low,34.15,Low
1052,2025-03-12,12:00,Wednesday,No,Hubballi Railway Station,15.3515,75.1387,Clear,304,44.1,0,17.79,Low,14.82,Low
1053,2025-02-24,16:00,Monday,No,Gokul Road,15.3652,75.1106,Rain,751,35.3,0,39.34,Moderate,32.68,Low
1054,2025-03-26,19:00,Wednesday,No,Airport Road,15.3705,75.096,Fog,724,23.8,0,45.69,Moderate,38.16,Medium
1055,2025-01-20,21:00,Monday,No,MG Road Junction,15.3647,75.1239,Cloudy,1410,26.6,0,68.4,High,56.67,Medium
1056,2025-02-22,06:00,Saturday,Yes,Airport Road,15.3705,75.096,Cloudy,241,41.4,0,17.26,Low,14.46,Low
1057,2025-02-08,10:00,Saturday,Yes,Hubballi Railway Station,15.3515,75.1387,Fog,324,37.5,0,22.7,Low,19.01,Low
1058,2025-01-18,11:00,Saturday,Yes,Airport Road,15.3705,75.096,Cloudy,405,42.6,0,22.35,Low,18.59,Low
1059,2025-04-02,20:00,Wednesday,No,Keshwapur,15.3565,75.1325,Clear,1015,36.9,0,47.74,Moderate,39.51,Medium
1060,2025-04-19,05:00,Saturday,Yes,MG Road Junction,15.3647,75.1239,Rain,622,35.4,1,38.01,Moderate,37.19,Medium
1061,2025-02-16,16:00,Sunday,Yes,Hubballi Railway Station,15.3515,75.1387,Cloudy,243,49.0,0,12.49,Low,10.37,Low
1062,2025-02-09,14:00,Sunday,Yes,Hubballi Railway Station,15.3515,75.1387,Cloudy,380,40.0,0,23.11,Low,19.28,Low
1063,2025-04-08,08:00,Tuesday,No,Gokul Road,15.3652,75.1106,Clear,970,35.3,1,50.49,Moderate,47.4,Medium
1064,2025-02-23,05:00,Sunday,Yes,Gokul Road,15.3652,75.1106,Cloudy,336,48.0,0,16.45,Low,13.63,Low
1065,2025-04-04,11:00,Friday,No,Keshwapur,15.3565,75.1325,Clear,225,48.6,0,12.1,Low,10.06,Low
1066,2025-04-21,05:00,Monday,No,Hubballi Railway Station,15.3515,75.1387,Rain,1011,23.6,1,59.4,Moderate,54.98,Medium
1067,2025-03-19,09:00,Wednesday,No,Unkal Lake Road,15.373,75.1115,Clear,827,32.9,1,46.91,Moderate,44.54,Medium
1068,2025-01-22,12:00,Wednesday,No,Hubballi Railway Station,15.3515,75.1387,Clear,555,40.3,0,29.16,Low,24.23,Low
1069,2025-03-11,02:00,Tuesday,No,Gokul Road,15.3652,75.1106,Clear,652,38.4,0,33.83,Low,28.09,Low
1070,2025-03-19,17:00,Wednesday,No,Unkal Lake Road,15.373,75.1115,Clear,848,36.4,0,42.1,Moderate,34.91,Low
1071,2025-02-17,13:00,Monday,No,MG Road Junction,15.3647,75.1239,Cloudy,416,45.6,0,20.83,Low,17.28,Low
1072,2025-04-29,21:00,Tuesday,No,MG Road Junction,15.3647,75.1239,Rain,1399,25.5,0,68.7,High,56.94,Medium
1073,2025-03-22,12:00,Saturday,Yes,Airport Road,15.3705,75.096,Rain,466,38.2,0,27.32,Low,22.77,Low
1074,2025-02-03,22:00,Monday,No,Vidya Nagar,15.37,75.119,Clear,330,46.3,0,17.31,Low,14.38,Low
1075,2025-04-05,19:00,Saturday,Yes,Gokul Road,15.3652,75.1106,Clear,886,40.5,1,44.18,Moderate,42.12,Medium
1076,2025-03-21,04:00,Friday,No,Vidya Nagar,15.37,75.119,Rain,497,24.1,1,40.74,Moderate,39.7,Medium
1077,2025-04-05,07:00,Saturday,Yes,Unkal Lake Road,15.373,75.1115,Rain,718,31.9,0,40.33,Moderate,33.57,Low
1078,2025-03-27,22:00,Thursday,No,Gokul Road,15.3652,75.1106,Clear,554,37.1,0,31.16,Low,25.94,Low
1079,2025-03-29,06:00,Saturday,Yes,Keshwapur,15.3565,75.1325,Clear,529,42.8,0,26.64,Low,22.1,Low
1080,2025-04-09,19:00,Wednesday,No,Hubballi Railway Station,15.3515,75.1387,Clear,953,33.4,0,47.76,Moderate,39.61,Medium
1081,2025-01-06,09:00,Monday,No,Keshwapur,15.3565,75.1325,Rain,1067,29.1,1,57.9,Moderate,53.62,Medium
1082,2025-01-04,22:00,Saturday,Yes,Unkal Lake Road,15.373,75.1115,Cloudy,503,44.7,0,24.51,Low,20.31,Low
1083,2025-04-22,10:00,Tuesday,No,Gokul Road,15.3652,75.1106,Clear,921,33.3,0,46.68,Moderate,38.73,Medium
1084,2025-04-27,18:00,Sunday,Yes,Old Bus Stand,15.3502,75.138,Clear,828,38.4,1,43.45,Moderate,41.57,Medium
1085,2025-03-23,11:00,Sunday,Yes,Unkal Lake Road,15.373,75.1115,Rain,623,40.9,0,31.21,Low,25.88,Low
1086,2025-02-03,01:00,Monday,No,Old Bus Stand,15.3502,75.138,Clear,576,43.6,0,27.81,Low,23.04,Low
1087,2025-03-18,10:00,Tuesday,No,Hubballi Railway Station,15.3515,75.1387,Clear,779,31.3,0,42.89,Moderate,35.68,Medium
1088,2025-03-30,04:00,Sunday,Yes,MG Road Junction,15.3647,75.1239,Cloudy,285,43.0,0,17.81,Low,14.87,Low
1089,2025-03-12,03:00,Wednesday,No,MG Road Junction,15.3647,75.1239,Clear,621,41.1,0,31.01,Low,25.72,Low
1090,2025-01-01,10:00,Wednesday,No,Unkal Lake Road,15.373,75.1115,Clear,783,39.8,1,40.95,Moderate,39.49,Medium
1091,2025-03-19,17:00,Wednesday,No,Vidya Nagar,15.37,75.119,Rain,994,28.7,1,55.55,Moderate,51.71,Medium
1092,2025-04-19,05:00,Saturday,Yes,Gokul Road,15.3652,75.1106,Rain,784,30.0,0,43.89,Moderate,36.53,Medium
1093,2025-01-30,15:00,Thursday,No,Gokul Road,15.3652,75.1106,Rain,508,36.5,0,29.9,Low,24.93,Low
1094,2025-03-28,06:00,Friday,No,MG Road Junction,15.3647,75.1239,Rain,626,30.3,0,38.06,Moderate,31.75,Low
1095,2025-02-03,22:00,Monday,No,Airport Road,15.3705,75.096,Cloudy,146,50.5,0,8.07,Low,6.72,Low
1096,2025-01-15,09:00,Wednesday,No,Keshwapur,15.3565,75.1325,Rain,1171,34.9,0,54.59,Moderate,45.16,Medium
1097,2025-04-08,21:00,Tuesday,No,Airport Road,15.3705,75.096,Clear,635,41.1,0,31.51,Low,26.12,Low
1098,2025-01-16,02:00,Thursday,No,Hubballi Railway Station,15.3515,75.1387,Cloudy,646,38.5,0,33.56,Low,27.86,Low
1099,2025-04-12,19:00,Saturday,Yes,Keshwapur,15.3565,75.1325,Fog,865,32.2,0,45.38,Moderate,37.7,Medium
1100,2025-04-05,09:00,Saturday,Yes,Keshwapur,15.3565,75.1325,Clear,1007,37.7,0,46.95,Moderate,38.84,Medium
1101,2025-04-02,04:00,Wednesday,No,Unkal Lake Road,15.373,75.1115,Clear,438,41.1,0,24.48,Low,20.37,Low
1102,2025-02-11,00:00,Tuesday,No,MG Road Junction,15.3647,75.1239,Clear,464,41.6,0,25.09,Low,20.86,Low
1103,2025-03-10,07:00,Monday,No,Airport Road,15.3705,75.096,Clear,719,36.0,0,37.75,Moderate,31.36,Low
1104,2025-02-04,11:00,Tuesday,No,Airport Road,15.3705,75.096,Clear,263,45.2,0,15.62,Low,13.03,Low
1105,2025-04-24,18:00,Thursday,No,MG Road Junction,15.3647,75.1239,Rain,1260,27.4,2,69.2,High,68.52,High
1106,2025-01-15,19:00,Wednesday,No,Airport Road,15.3705,75.096,Fog,693,27.6,0,42.17,Moderate,35.18,Medium
1107,2025-02-26,03:00,Wednesday,No,Old Bus Stand,15.3502,75.138,Clear,476,37.4,0,28.19,Low,23.5,Low
1108,2025-03-19,15:00,Wednesday,No,MG Road Junction,15.3647,75.1239,Clear,383,37.6,0,24.74,Low,20.68,Low
1109,2025-01-06,06:00,Monday,No,Unkal Lake Road,15.373,75.1115,Clear,401,44.3,0,21.12,Low,17.55,Low
1110,2025-01-26,03:00,Sunday,Yes,Vidya Nagar,15.37,75.119,Rain,532,35.9,0,31.14,Low,25.95,Low
1111,2025-03-22,08:00,Saturday,Yes,Keshwapur,15.3565,75.1325,Clear,487,41.2,0,26.16,Low,21.75,Low
1112,2025-02-12,05:00,Wednesday,No,Unkal Lake Road,15.373,75.1115,Clear,296,45.9,1,19.69,Low,21.94,Low
1113,2025-01-03,02:00,Friday,No,Gokul Road,15.3652,75.1106,Clear,495,37.8,1,31.95,Low,32.17,Low
1114,2025-04-28,18:00,Monday,No,Hubballi Railway Station,15.3515,75.1387,Clear,709,34.3,1,41.81,Moderate,40.33,Medium
1115,2025-03-01,14:00,Saturday,Yes,Vidya Nagar,15.37,75.119,Clear,520,42.0,0,26.83,Low,22.28,Low
1116,2025-03-16,16:00,Sunday,Yes,Gokul Road,15.3652,75.1106,Rain,391,30.9,1,32.62,Low,32.9,Low
1117,2025-03-10,04:00,Monday,No,Keshwapur,15.3565,75.1325,Cloudy,328,42.6,0,19.6,Low,16.34,Low
1118,2025-03-10,13:00,Monday,No,Airport Road,15.3705,75.096,Cloudy,317,53.6,0,12.2,Low,10.02,Low
1119,2025-04-13,19:00,Sunday,Yes,MG Road Junction,15.3647,75.1239,Clear,873,31.0,0,46.43,Moderate,38.58,Medium
1120,2025-02-20,05:00,Thursday,No,Keshwapur,15.3565,75.1325,Cloudy,352,41.6,0,21.09,Low,17.59,Low
1121,2025-03-19,06:00,Wednesday,No,Unkal Lake Road,15.373,75.1115,Cloudy,474,33.2,0,30.79,Low,25.73,Low
1122,2025-01-24,14:00,Friday,No,Hubballi Railway Station,15.3515,75.1387,Clear,552,39.7,0,29.44,Low,24.46,Low
1123,2025-04-11,18:00,Friday,No,Unkal Lake Road,15.373,75.1115,Cloudy,690,46.7,0,29.91,Low,24.68,Low
1124,2025-02-08,23:00,Saturday,Yes,Vidya Nagar,15.37,75.119,Clear,255,46.5,1,17.84,Low,20.42,Low
1125,2025-03-22,14:00,Saturday,Yes,Vidya Nagar,15.37,75.119,Rain,258,37.1,0,20.6,Low,17.3,Low
1126,2025-04-23,20:00,Wednesday,No,Hubballi Railway Station,15.3515,75.1387,Clear,866,45.2,0,37.14,Moderate,30.63,Low
1127,2025-02-25,12:00,Tuesday,No,Old Bus Stand,15.3502,75.138,Fog,540,25.8,0,37.86,Moderate,31.7,Low
1128,2025-01-09,09:00,Thursday,No,Gokul Road,15.3652,75.1106,Clear,832,38.7,1,43.4,Moderate,41.52,Medium
1129,2025-04-09,08:00,Wednesday,No,Gokul Road,15.3652,75.1106,Cloudy,1191,32.4,0,56.89,Moderate,47.11,Medium
1130,2025-01-05,20:00,Sunday,Yes,Vidya Nagar,15.37,75.119,Cloudy,675,38.0,0,34.91,Low,28.98,Low
1131,2025-02-09,00:00,Sunday,Yes,Vidya Nagar,15.37,75.119,Cloudy,158,49.1,0,9.39,Low,7.83,Low
1132,2025-01-24,22:00,Friday,No,Airport Road,15.3705,75.096,Clear,226,40.3,0,17.42,Low,14.62,Low
1133,2025-04-06,11:00,Sunday,Yes,MG Road Junction,15.3647,75.1239,Clear,561,41.8,0,28.42,Low,23.58,Low
1134,2025-01-23,08:00,Thursday,No,Airport Road,15.3705,75.096,Cloudy,668,39.8,1,36.85,Moderate,36.13,Medium
1135,2025-03-09,17:00,Sunday,Yes,Airport Road,15.3705,75.096,Clear,652,35.8,0,35.49,Moderate,29.51,Low
1136,2025-03-30,10:00,Sunday,Yes,Old Bus Stand,15.3502,75.138,Clear,707,46.4,1,34.04,Low,33.67,Low
1137,2025-01-17,01:00,Friday,No,Gokul Road,15.3652,75.1106,Cloudy,396,42.0,0,22.41,Low,18.65,Low
1138,2025-01-20,18:00,Monday,No,Old Bus Stand,15.3502,75.138,Clear,1183,31.7,1,60.38,High,55.59,Medium
1139,2025-01-18,09:00,Saturday,Yes,Old Bus Stand,15.3502,75.138,Clear,638,35.4,1,38.58,Moderate,37.66,Medium
1140,2025-04-10,18:00,Thursday,No,Hubballi Railway Station,15.3515,75.1387,Clear,1115,32.5,0,54.11,Moderate,44.83,Medium
1141,2025-04-22,23:00,Tuesday,No,Gokul Road,15.3652,75.1106,Clear,444,51.4,0,18.14,Low,14.93,Low
1142,2025-02-09,02:00,Sunday,Yes,MG Road Junction,15.3647,75.1239,Cloudy,535,39.9,2,35.37,Moderate,40.53,Medium
1143,2025-02-09,18:00,Sunday,Yes,Unkal Lake Road,15.373,75.1115,Cloudy,801,39.4,0,38.52,Moderate,31.9,Low
1144,2025-02-06,11:00,Thursday,No,Vidya Nagar,15.37,75.119,Rain,479,40.4,0,26.39,Low,21.95,Low
1145,2025-02-01,18:00,Saturday,Yes,Vidya Nagar,15.37,75.119,Fog,603,31.2,0,36.67,Moderate,30.59,Low
1146,2025-02-20,02:00,Thursday,No,MG Road Junction,15.3647,75.1239,Clear,617,38.1,1,36.11,Moderate,35.57,Medium
1147,2025-02-20,05:00,Thursday,No,Old Bus Stand,15.3502,75.138,Clear,334,45.4,0,18.03,Low,14.99,Low
1148,2025-01-28,15:00,Tuesday,No,Airport Road,15.3705,75.096,Clear,495,40.4,0,26.96,Low,22.42,Low
1149,2025-01-02,00:00,Thursday,No,Hubballi Railway Station,15.3515,75.1387,Clear,702,37.3,0,36.32,Moderate,30.15,Low
1150,2025-03-24,22:00,Monday,No,Old Bus Stand,15.3502,75.138,Rain,466,40.5,1,29.19,Low,29.85,Low
1151,2025-02-20,03:00,Thursday,No,Vidya Nagar,15.37,75.119,Clear,220,44.8,0,14.34,Low,11.99,Low
1152,2025-01-30,13:00,Thursday,No,Keshwapur,15.3565,75.1325,Clear,299,48.9,0,14.55,Low,12.06,Low
1153,2025-03-20,07:00,Thursday,No,Airport Road,15.3705,75.096,Clear,563,40.1,2,36.24,Moderate,41.23,Medium
1154,2025-02-19,08:00,Wednesday,No,Vidya Nagar,15.37,75.119,Cloudy,904,30.7,1,51.06,Moderate,47.99,Medium
1155,2025-04-03,16:00,Thursday,No,Keshwapur,15.3565,75.1325,Cloudy,651,25.6,0,41.94,Moderate,35.05,Medium
1156,2025-01-12,20:00,Sunday,Yes,Old Bus Stand,15.3502,75.138,Clear,911,28.5,1,52.71,Moderate,49.39,Medium
1157,2025-01-03,14:00,Friday,No,MG Road Junction,15.3647,75.1239,Fog,482,26.9,0,35.08,Moderate,29.4,Low
1158,2025-02-11,18:00,Tuesday,No,MG Road Junction,15.3647,75.1239,Clear,1144,33.8,0,54.32,Moderate,44.97,Medium
1159,2025-01-28,13:00,Tuesday,No,Airport Road,15.3705,75.096,Clear,253,40.7,0,18.13,Low,15.19,Low
1160,2025-04-24,01:00,Thursday,No,Vidya Nagar,15.37,75.119,Rain,653,26.4,1,44.84,Moderate,43.0,Medium
1161,2025-04-02,19:00,Wednesday,No,Gokul Road,15.3652,75.1106,Clear,1056,33.4,2,58.1,Moderate,59.29,Medium
1162,2025-03-04,04:00,Tuesday,No,Keshwapur,15.3565,75.1325,Rain,671,29.7,0,40.05,Moderate,33.39,Low
1163,2025-02-10,06:00,Monday,No,Hubballi Railway Station,15.3515,75.1387,Fog,391,36.6,0,25.66,Low,21.45,Low
1164,2025-02-05,08:00,Wednesday,No,Vidya Nagar,15.37,75.119,Cloudy,790,39.2,0,38.25,Moderate,31.69,Low
1165,2025-02-16,03:00,Sunday,Yes,Hubballi Railway Station,15.3515,75.1387,Cloudy,490,43.6,0,24.74,Low,20.53,Low
1166,2025-01-29,16:00,Wednesday,No,Vidya Nagar,15.37,75.119,Clear,574,30.1,0,36.33,Moderate,30.34,Low
1167,2025-01-07,03:00,Tuesday,No,Gokul Road,15.3652,75.1106,Rain,509,36.4,0,30.0,Low,25.01,Low
1168,2025-01-15,05:00,Wednesday,No,Gokul Road,15.3652,75.1106,Clear,579,39.8,0,30.34,Low,25.2,Low
1169,2025-04-16,03:00,Wednesday,No,Airport Road,15.3705,75.096,Cloudy,268,39.5,0,19.43,Low,16.28,Low
1170,2025-02-15,06:00,Saturday,Yes,Airport Road,15.3705,75.096,Rain,590,26.6,0,39.13,Moderate,32.72,Low
1171,2025-03-13,20:00,Thursday,No,Gokul Road,15.3652,75.1106,Fog,941,27.0,0,51.4,Moderate,42.75,Medium
1172,2025-02-27,15:00,Thursday,No,Unkal Lake Road,15.373,75.1115,Rain,558,39.8,1,32.92,Low,32.92,Low
1173,2025-04-19,16:00,Saturday,Yes,Gokul Road,15.3652,75.1106,Clear,391,32.5,0,28.27,Low,23.69,Low
1174,2025-01-14,14:00,Tuesday,No,MG Road Junction,15.3647,75.1239,Fog,907,24.6,1,55.05,Moderate,51.4,Medium
1175,2025-03-16,16:00,Sunday,Yes,MG Road Junction,15.3647,75.1239,Cloudy,438,42.7,0,23.46,Low,19.5,Low
1176,2025-03-15,07:00,Saturday,Yes,Unkal Lake Road,15.373,75.1115,Rain,641,39.0,0,33.06,Low,27.45,Low
1177,2025-02-11,05:00,Tuesday,No,Old Bus Stand,15.3502,75.138,Cloudy,576,39.1,0,30.68,Low,25.49,Low
1178,2025-04-05,06:00,Saturday,Yes,Keshwapur,15.3565,75.1325,Clear,431,50.0,0,18.56,Low,15.31,Low
1179,2025-04-14,10:00,Monday,No,Old Bus Stand,15.3502,75.138,Clear,950,28.2,0,50.96,Moderate,42.36,Medium
1180,2025-02-09,15:00,Sunday,Yes,Hubballi Railway Station,15.3515,75.1387,Cloudy,230,36.9,0,19.73,Low,16.59,Low
1181,2025-01-31,02:00,Friday,No,Old Bus Stand,15.3502,75.138,Cloudy,412,46.6,0,20.05,Low,16.61,Low
1182,2025-03-28,15:00,Friday,No,Vidya Nagar,15.37,75.119,Clear,508,31.8,0,32.89,Low,27.49,Low
1183,2025-04-24,05:00,Thursday,No,Old Bus Stand,15.3502,75.138,Cloudy,241,46.6,0,13.95,Low,11.62,Low
1184,2025-04-08,04:00,Tuesday,No,Vidya Nagar,15.37,75.119,Clear,376,41.8,0,21.82,Low,18.18,Low
1185,2025-01-18,20:00,Saturday,Yes,Unkal Lake Road,15.373,75.1115,Rain,834,28.3,0,46.76,Moderate,38.92,Medium
1186,2025-03-04,12:00,Tuesday,No,MG Road Junction,15.3647,75.1239,Clear,504,39.6,1,31.12,Low,31.45,Low
1187,2025-01-12,21:00,Sunday,Yes,Airport Road,15.3705,75.096,Clear,768,32.6,0,41.67,Moderate,34.65,Low
1188,2025-03-28,01:00,Friday,No,Vidya Nagar,15.37,75.119,Clear,201,44.0,0,14.17,Low,11.87,Low
1189,2025-02-02,00:00,Sunday,Yes,MG Road Junction,15.3647,75.1239,Clear,260,44.6,1,19.23,Low,21.6,Low
1190,2025-04-20,21:00,Sunday,Yes,Keshwapur,15.3565,75.1325,Clear,440,40.5,0,24.93,Low,20.76,Low
1191,2025-02-28,02:00,Friday,No,Hubballi Railway Station,15.3515,75.1387,Clear,780,35.3,1,43.71,Moderate,41.86,Medium
1192,2025-01-09,01:00,Thursday,No,Keshwapur,15.3565,75.1325,Clear,327,44.7,0,18.23,Low,15.17,Low
1193,2025-04-17,05:00,Thursday,No,Unkal Lake Road,15.373,75.1115,Rain,277,45.9,0,15.68,Low,13.05,Low
1194,2025-02-11,03:00,Tuesday,No,Old Bus Stand,15.3502,75.138,Rain,520,35.0,0,31.29,Low,26.09,Low
1195,2025-02-17,08:00,Monday,No,Old Bus Stand,15.3502,75.138,Clear,776,40.9,1,40.0,Moderate,38.68,Medium
1196,2025-04-01,01:00,Tuesday,No,Gokul Road,15.3652,75.1106,Fog,390,30.9,0,29.26,Low,24.53,Low
1197,2025-03-12,21:00,Wednesday,No,Gokul Road,15.3652,75.1106,Clear,1003,29.3,0,52.15,Moderate,43.31,Medium
1198,2025-02-09,10:00,Sunday,Yes,Gokul Road,15.3652,75.1106,Cloudy,847,38.5,0,40.73,Moderate,33.73,Low
1199,2025-02-04,14:00,Tuesday,No,Keshwapur,15.3565,75.1325,Cloudy,427,41.4,0,23.89,Low,19.89,Low
1200,2025-03-22,00:00,Saturday,Yes,Vidya Nagar,15.37,75.119,Clear,319,48.3,0,15.65,Low,12.97,Low
1201,2025-01-03,06:00,Friday,No,Hubballi Railway Station,15.3515,75.1387,Clear,412,47.8,0,19.29,Low,15.96,Low
1202,2025-02-03,07:00,Monday,No,Gokul Road,15.3652,75.1106,Clear,739,41.5,0,34.97,Low,28.94,Low
1203,2025-02-02,09:00,Sunday,Yes,Unkal Lake Road,15.373,75.1115,Clear,379,46.2,0,19.13,Low,15.87,Low
1204,2025-03-03,17:00,Monday,No,Unkal Lake Road,15.373,75.1115,Cloudy,740,24.4,0,45.88,Moderate,38.3,Medium
1205,2025-03-21,05:00,Friday,No,Gokul Road,15.3652,75.1106,Clear,484,43.3,0,24.72,Low,20.52,Low
1206,2025-04-03,01:00,Thursday,No,Old Bus Stand,15.3502,75.138,Clear,424,45.8,0,20.99,Low,17.4,Low
1207,2025-03-30,22:00,Sunday,Yes,Gokul Road,15.3652,75.1106,Clear,122,41.3,0,13.07,Low,11.04,Low
1208,2025-01-03,06:00,Friday,No,Hubballi Railway Station,15.3515,75.1387,Clear,524,41.0,1,30.94,Low,31.27,Low
1209,2025-03-17,23:00,Monday,No,Gokul Road,15.3652,75.1106,Clear,695,34.6,0,37.79,Moderate,31.42,Low
1210,2025-02-20,01:00,Thursday,No,Hubballi Railway Station,15.3515,75.1387,Clear,479,45.7,0,23.01,Low,19.06,Low
1211,2025-02-04,16:00,Tuesday,No,Unkal Lake Road,15.373,75.1115,Rain,427,33.5,0,28.92,Low,24.2,Low
1212,2025-01-14,00:00,Tuesday,No,Gokul Road,15.3652,75.1106,Clear,464,38.6,0,27.0,Low,22.5,Low
1213,2025-04-27,22:00,Sunday,Yes,Keshwapur,15.3565,75.1325,Clear,207,43.4,0,14.77,Low,12.37,Low
1214,2025-03-19,10:00,Wednesday,No,Airport Road,15.3705,75.096,Cloudy,561,49.5,0,23.52,Low,19.38,Low
1215,2025-03-25,15:00,Tuesday,No,Keshwapur,15.3565,75.1325,Clear,509,45.2,0,24.4,Low,20.21,Low
1216,2025-03-25,14:00,Tuesday,No,Unkal Lake Road,15.373,75.1115,Cloudy,475,48.1,1,24.68,Low,25.97,Low
1217,2025-04-14,18:00,Monday,No,Hubballi Railway Station,15.3515,75.1387,Cloudy,1024,27.1,1,57.64,Moderate,53.45,Medium
1218,2025-03-16,14:00,Sunday,Yes,Keshwapur,15.3565,75.1325,Clear,100,41.6,0,12.1,Low,10.23,Low
1219,2025-01-14,15:00,Tuesday,No,Hubballi Railway Station,15.3515,75.1387,Clear,546,46.1,0,25.15,Low,20.8,Low
1220,2025-04-28,00:00,Monday,No,Keshwapur,15.3565,75.1325,Clear,719,31.4,2,47.35,Moderate,50.54,Medium
1221,2025-04-20,10:00,Sunday,Yes,Keshwapur,15.3565,75.1325,Clear,670,36.4,0,35.75,Moderate,29.71,Low
1222,2025-02-23,15:00,Sunday,Yes,Hubballi Railway Station,15.3515,75.1387,Clear,361,51.4,0,15.18,Low,12.51,Low
1223,2025-03-31,07:00,Monday,No,Vidya Nagar,15.37,75.119,Clear,708,34.7,0,38.19,Moderate,31.75,Low
1224,2025-02-16,07:00,Sunday,Yes,Keshwapur,15.3565,75.1325,Clear,765,30.5,0,42.89,Moderate,35.7,Medium
1225,2025-02-24,15:00,Monday,No,Gokul Road,15.3652,75.1106,Clear,381,43.1,0,21.17,Low,17.62,Low
1226,2025-04-16,18:00,Wednesday,No,Airport Road,15.3705,75.096,Cloudy,812,30.1,1,48.16,Moderate,45.63,Medium
1227,2025-01-19,19:00,Sunday,Yes,Unkal Lake Road,15.373,75.1115,Cloudy,538,45.8,1,28.39,Low,29.06,Low
1228,2025-03-05,11:00,Wednesday,No,Vidya Nagar,15.37,75.119,Clear,445,38.5,0,26.38,Low,21.99,Low
1229,2025-01-07,20:00,Tuesday,No,Hubballi Railway Station,15.3515,75.1387,Clear,1038,29.8,1,56.42,Moderate,52.39,Medium
1230,2025-01-08,13:00,Wednesday,No,Vidya Nagar,15.37,75.119,Rain,707,33.7,0,38.79,Moderate,32.26,Low
1231,2025-04-15,20:00,Tuesday,No,MG Road Junction,15.3647,75.1239,Cloudy,1154,31.0,0,56.46,Moderate,46.79,Medium
1232,2025-02-07,21:00,Friday,No,MG Road Junction,15.3647,75.1239,Rain,1420,25.1,1,73.04,High,66.11,High
1233,2025-04-26,22:00,Saturday,Yes,Keshwapur,15.3565,75.1325,Clear,365,45.2,0,19.26,Low,16.0,Low
1234,2025-02-04,06:00,Tuesday,No,Keshwapur,15.3565,75.1325,Cloudy,428,41.4,0,23.93,Low,19.92,Low
1235,2025-02-09,07:00,Sunday,Yes,Gokul Road,15.3652,75.1106,Clear,732,33.6,0,39.74,Moderate,33.05,Low
1236,2025-03-25,09:00,Tuesday,No,Airport Road,15.3705,75.096,Clear,600,42.9,1,32.45,Low,32.45,Low
1237,2025-03-27,14:00,Thursday,No,Unkal Lake Road,15.373,75.1115,Clear,426,39.5,1,28.4,Low,29.23,Low
1238,2025-01-14,17:00,Tuesday,No,Vidya Nagar,15.37,75.119,Clear,774,34.2,1,44.19,Moderate,42.28,Medium
1239,2025-02-02,06:00,Sunday,Yes,MG Road Junction,15.3647,75.1239,Clear,420,43.0,0,22.63,Low,18.81,Low
1240,2025-04-02,14:00,Wednesday,No,Keshwapur,15.3565,75.1325,Clear,561,32.8,0,34.15,Low,28.49,Low
1241,2025-01-07,02:00,Tuesday,No,Old Bus Stand,15.3502,75.138,Cloudy,708,40.1,0,34.75,Low,28.8,Low
1242,2025-02-08,02:00,Saturday,Yes,Old Bus Stand,15.3502,75.138,Rain,522,36.8,2,36.88,Moderate,41.84,Medium
1243,2025-03-07,11:00,Friday,No,Unkal Lake Road,15.373,75.1115,Clear,461,46.3,0,21.99,Low,18.21,Low
1244,2025-02-24,12:00,Monday,No,Vidya Nagar,15.37,75.119,Clear,492,39.4,0,27.49,Low,22.88,Low
1245,2025-04-25,11:00,Friday,No,Keshwapur,15.3565,75.1325,Clear,400,48.0,0,18.73,Low,15.5,Low
1246,2025-01-04,09:00,Saturday,Yes,Keshwapur,15.3565,75.1325,Cloudy,976,37.1,1,49.56,Moderate,46.6,Medium
1247,2025-01-22,09:00,Wednesday,No,MG Road Junction,15.3647,75.1239,Clear,949,35.2,1,49.8,Moderate,46.85,Medium
1248,2025-03-22,00:00,Saturday,Yes,MG Road Junction,15.3647,75.1239,Fog,417,41.7,0,23.35,Low,19.43,Low
1249,2025-04-25,20:00,Friday,No,Keshwapur,15.3565,75.1325,Clear,1139,33.2,0,54.52,Moderate,45.15,Medium
1250,2025-03-22,19:00,Saturday,Yes,Hubballi Railway Station,15.3515,75.1387,Clear,1020,32.3,1,54.18,Moderate,50.5,Medium
1251,2025-02-01,01:00,Saturday,Yes,Keshwapur,15.3565,75.1325,Cloudy,353,43.8,0,19.73,Low,16.42,Low
1252,2025-02-28,17:00,Friday,No,Unkal Lake Road,15.373,75.1115,Rain,1005,27.4,1,56.77,Moderate,52.74,Medium
1253,2025-01-30,10:00,Thursday,No,Keshwapur,15.3565,75.1325,Clear,871,37.9,1,45.3,Moderate,43.1,Medium
1254,2025-01-20,14:00,Monday,No,Gokul Road,15.3652,75.1106,Clear,406,47.9,0,19.01,Low,15.73,Low
1255,2025-01-17,11:00,Friday,No,Airport Road,15.3705,75.096,Fog,219,37.0,0,19.27,Low,16.21,Low
1256,2025-03-06,19:00,Thursday,No,Gokul Road,15.3652,75.1106,Clear,1096,33.7,0,52.67,Moderate,43.62,Medium
1257,2025-04-07,04:00,Monday,No,Gokul Road,15.3652,75.1106,Rain,706,36.8,0,36.78,Moderate,30.54,Low
1258,2025-02-03,12:00,Monday,No,Hubballi Railway Station,15.3515,75.1387,Clear,414,47.2,0,19.74,Low,16.34,Low
1259,2025-02-08,21:00,Saturday,Yes,Hubballi Railway Station,15.3515,75.1387,Cloudy,853,34.8,1,46.63,Moderate,44.26,Medium
1260,2025-02-23,07:00,Sunday,Yes,Old Bus Stand,15.3502,75.138,Cloudy,1130,33.6,0,53.95,Moderate,44.67,Medium
1261,2025-03-15,05:00,Saturday,Yes,Keshwapur,15.3565,75.1325,Clear,500,44.5,0,24.53,Low,20.33,Low
1262,2025-02-07,16:00,Friday,No,Gokul Road,15.3652,75.1106,Rain,469,38.1,0,27.49,Low,22.91,Low
1263,2025-02-14,20:00,Friday,No,Hubballi Railway Station,15.3515,75.1387,Clear,1188,24.7,1,65.02,High,59.55,Medium
1264,2025-03-20,18:00,Thursday,No,MG Road Junction,15.3647,75.1239,Clear,958,39.2,1,47.58,Moderate,44.93,Medium
1265,2025-03-05,11:00,Wednesday,No,Keshwapur,15.3565,75.1325,Cloudy,100,48.8,0,7.51,Low,6.3,Low
1266,2025-02-27,19:00,Thursday,No,Unkal Lake Road,15.373,75.1115,Clear,777,40.0,0,37.28,Moderate,30.87,Low
1267,2025-02-24,07:00,Monday,No,Airport Road,15.3705,75.096,Cloudy,827,32.2,1,47.36,Moderate,44.92,Medium
1268,2025-01-25,16:00,Saturday,Yes,Vidya Nagar,15.37,75.119,Clear,479,42.2,0,25.24,Low,20.97,Low
1269,2025-04-26,01:00,Saturday,Yes,Keshwapur,15.3565,75.1325,Clear,400,46.0,0,20.0,Low,16.59,Low
1270,2025-04-22,15:00,Tuesday,No,Vidya Nagar,15.37,75.119,Clear,342,39.9,0,21.82,Low,18.22,Low
1271,2025-03-29,18:00,Saturday,Yes,Gokul Road,15.3652,75.1106,Clear,844,34.3,1,46.63,Moderate,44.27,Medium
1272,2025-01-06,07:00,Monday,No,Airport Road,15.3705,75.096,Clear,649,42.8,0,30.93,Low,25.61,Low
1273,2025-01-31,15:00,Friday,No,Vidya Nagar,15.37,75.119,Cloudy,345,40.7,1,24.75,Low,26.21,Low
1274,2025-04-26,08:00,Saturday,Yes,Gokul Road,15.3652,75.1106,Rain,1002,28.8,1,55.77,Moderate,51.88,Medium
1275,2025-04-18,05:00,Friday,No,MG Road Junction,15.3647,75.1239,Rain,559,31.4,0,34.97,Low,29.2,Low
1276,2025-01-22,16:00,Wednesday,No,Vidya Nagar,15.37,75.119,Clear,537,48.1,0,23.56,Low,19.45,Low
1277,2025-04-19,07:00,Saturday,Yes,Airport Road,15.3705,75.096,Clear,469,43.8,0,23.87,Low,19.8,Low
1278,2025-01-10,20:00,Friday,No,Old Bus Stand,15.3502,75.138,Clear,1315,29.4,0,63.22,High,52.36,Medium
1279,2025-02-24,08:00,Monday,No,Keshwapur,15.3565,75.1325,Clear,687,37.1,0,35.91,Moderate,29.83,Low
1280,2025-03-16,05:00,Sunday,Yes,Gokul Road,15.3652,75.1106,Clear,238,39.9,0,18.1,Low,15.19,Low
1281,2025-02-24,05:00,Monday,No,Keshwapur,15.3565,75.1325,Clear,430,41.8,0,23.75,Low,19.76,Low
1282,2025-04-16,21:00,Wednesday,No,Airport Road,15.3705,75.096,Clear,519,43.7,0,25.71,Low,21.32,Low
1283,2025-03-27,11:00,Thursday,No,Hubballi Railway Station,15.3515,75.1387,Rain,247,36.5,0,20.59,Low,17.3,Low
1284,2025-04-24,01:00,Thursday,No,Gokul Road,15.3652,75.1106,Clear,203,45.7,0,13.16,Low,11.0,Low
1285,2025-01-19,09:00,Sunday,Yes,Vidya Nagar,15.37,75.119,Clear,598,38.6,0,31.78,Low,26.41,Low
1286,2025-03-28,12:00,Friday,No,Gokul Road,15.3652,75.1106,Clear,436,47.7,0,20.21,Low,16.71,Low
1287,2025-04-21,17:00,Monday,No,Keshwapur,15.3565,75.1325,Clear,993,32.2,1,53.28,Moderate,49.77,Medium
1288,2025-02-03,12:00,Monday,No,MG Road Junction,15.3647,75.1239,Rain,608,38.0,0,32.52,Low,27.03,Low
1289,2025-01-04,02:00,Saturday,Yes,Gokul Road,15.3652,75.1106,Clear,409,48.1,0,18.99,Low,15.71,Low
1290,2025-04-01,15:00,Tuesday,No,Vidya Nagar,15.37,75.119,Clear,352,41.8,0,20.96,Low,17.48,Low
1291,2025-03-29,01:00,Saturday,Yes,Hubballi Railway Station,15.3515,75.1387,Clear,488,39.1,0,27.54,Low,22.92,Low
1292,2025-02-27,11:00,Thursday,No,Old Bus Stand,15.3502,75.138,Clear,569,44.1,0,27.24,Low,22.56,Low
1293,2025-01-02,16:00,Thursday,No,Unkal Lake Road,15.373,75.1115,Clear,334,36.4,0,23.76,Low,19.9,Low
1294,2025-03-28,17:00,Friday,No,MG Road Junction,15.3647,75.1239,Rain,1292,27.5,2,70.28,High,69.4,High
1295,2025-03-12,20:00,Wednesday,No,Old Bus Stand,15.3502,75.138,Rain,1119,21.8,1,64.4,High,59.12,Medium
1296,2025-02-28,09:00,Friday,No,Hubballi Railway Station,15.3515,75.1387,Cloudy,772,42.6,0,35.44,Moderate,29.31,Low
1297,2025-01-25,11:00,Saturday,Yes,Gokul Road,15.3652,75.1106,Clear,492,40.4,0,26.85,Low,22.33,Low
1298,2025-03-09,14:00,Sunday,Yes,Keshwapur,15.3565,75.1325,Rain,353,37.9,0,23.48,Low,19.64,Low
1299,2025-01-15,05:00,Wednesday,No,Airport Road,15.3705,75.096,Clear,425,39.4,0,25.1,Low,20.92,Low
1300,2025-03-28,10:00,Friday,No,Keshwapur,15.3565,75.1325,Clear,942,29.1,0,50.1,Moderate,41.64,Medium
1301,2025-01-27,21:00,Monday,No,Old Bus Stand,15.3502,75.138,Cloudy,1014,39.5,0,46.05,Moderate,38.07,Medium
1302,2025-01-31,10:00,Friday,No,Vidya Nagar,15.37,75.119,Clear,590,39.4,0,30.99,Low,25.74,Low
1303,2025-01-07,23:00,Tuesday,No,Keshwapur,15.3565,75.1325,Clear,650,52.2,0,24.98,Low,20.51,Low
1304,2025-01-26,09:00,Sunday,Yes,MG Road Junction,15.3647,75.1239,Cloudy,753,34.7,0,39.79,Moderate,33.06,Low
1305,2025-04-07,11:00,Monday,No,Keshwapur,15.3565,75.1325,Clear,532,38.3,0,29.61,Low,24.64,Low
1306,2025-03-15,20:00,Saturday,Yes,Vidya Nagar,15.37,75.119,Cloudy,654,35.7,0,35.62,Moderate,29.63,Low
1307,2025-03-27,00:00,Thursday,No,Unkal Lake Road,15.373,75.1115,Clear,340,42.8,0,19.9,Low,16.58,Low
1308,2025-01-19,22:00,Sunday,Yes,Gokul Road,15.3652,75.1106,Rain,515,42.4,0,26.4,Low,21.91,Low
1309,2025-03-13,04:00,Thursday,No,Airport Road,15.3705,75.096,Fog,340,39.5,1,25.33,Low,26.72,Low
1310,2025-01-30,05:00,Thursday,No,Old Bus Stand,15.3502,75.138,Rain,569,29.4,0,36.6,Moderate,30.58,Low
1311,2025-04-22,17:00,Tuesday,No,Gokul Road,15.3652,75.1106,Clear,990,39.6,1,48.47,Moderate,45.64,Medium
1312,2025-03-08,15:00,Saturday,Yes,Keshwapur,15.3565,75.1325,Clear,407,45.3,0,20.7,Low,17.18,Low
1313,2025-01-06,09:00,Monday,No,Hubballi Railway Station,15.3515,75.1387,Clear,1061,35.8,0,50.09,Moderate,41.46,Medium
1314,2025-03-18,21:00,Tuesday,No,Gokul Road,15.3652,75.1106,Clear,1003,31.9,0,50.5,Moderate,41.89,Medium
1315,2025-02-27,18:00,Thursday,No,Unkal Lake Road,15.373,75.1115,Clear,845,34.3,0,43.33,Moderate,35.97,Medium
1316,2025-01-29,20:00,Wednesday,No,Keshwapur,15.3565,75.1325,Cloudy,895,36.6,1,46.99,Moderate,44.51,Medium
1317,2025-02-28,02:00,Friday,No,Airport Road,15.3705,75.096,Clear,554,38.4,0,30.34,Low,25.23,Low
1318,2025-02-03,01:00,Monday,No,Vidya Nagar,15.37,75.119,Fog,579,37.5,1,35.13,Moderate,34.79,Low
1319,2025-01-02,04:00,Thursday,No,Unkal Lake Road,15.373,75.1115,Clear,450,39.6,0,25.86,Low,21.54,Low
1320,2025-01-07,04:00,Tuesday,No,Keshwapur,15.3565,75.1325,Clear,198,37.6,0,18.14,Low,15.27,Low
1321,2025-02-24,23:00,Monday,No,Unkal Lake Road,15.373,75.1115,Clear,434,37.0,0,26.94,Low,22.49,Low
1322,2025-03-27,18:00,Thursday,No,Gokul Road,15.3652,75.1106,Rain,1072,23.8,0,58.12,Moderate,48.32,Medium
1323,2025-04-24,11:00,Thursday,No,Airport Road,15.3705,75.096,Cloudy,242,43.7,1,19.16,Low,21.56,Low
1324,2025-02-17,08:00,Monday,No,Vidya Nagar,15.37,75.119,Rain,888,32.0,0,46.33,Moderate,38.48,Medium
1325,2025-01-08,18:00,Wednesday,No,Keshwapur,15.3565,75.1325,Rain,957,30.5,0,49.75,Moderate,41.31,Medium
1326,2025-04-29,22:00,Tuesday,No,MG Road Junction,15.3647,75.1239,Clear,593,41.9,0,29.5,Low,24.46,Low
1327,2025-04-27,07:00,Sunday,Yes,Old Bus Stand,15.3502,75.138,Clear,985,33.9,1,51.92,Moderate,48.61,Medium
1328,2025-02-22,02:00,Saturday,Yes,Vidya Nagar,15.37,75.119,Clear,413,41.6,1,26.6,Low,27.7,Low
1329,2025-02-25,13:00,Tuesday,No,MG Road Junction,15.3647,75.1239,Cloudy,930,42.6,0,41.08,Moderate,33.92,Low
1330,2025-01-05,01:00,Sunday,Yes,Unkal Lake Road,15.373,75.1115,Clear,122,51.2,0,6.77,Low,5.64,Low
1331,2025-01-03,06:00,Friday,No,Hubballi Railway Station,15.3515,75.1387,Clear,423,44.0,0,22.1,Low,18.35,Low
1332,2025-04-22,06:00,Tuesday,No,Vidya Nagar,15.37,75.119,Rain,415,41.1,0,23.66,Low,19.7,Low
1333,2025-04-23,23:00,Wednesday,No,Unkal Lake Road,15.373,75.1115,Fog,500,25.6,2,43.22,Moderate,47.3,Medium
1334,2025-02-01,13:00,Saturday,Yes,MG Road Junction,15.3647,75.1239,Cloudy,371,39.8,0,22.91,Low,19.12,Low
1335,2025-01-17,21:00,Friday,No,Gokul Road,15.3652,75.1106,Cloudy,1023,32.6,0,50.77,Moderate,42.09,Medium
1336,2025-03-30,04:00,Sunday,Yes,Gokul Road,15.3652,75.1106,Cloudy,455,38.7,0,26.61,Low,22.18,Low
1337,2025-02-24,16:00,Monday,No,Hubballi Railway Station,15.3515,75.1387,Clear,287,38.0,0,21.06,Low,17.65,Low
1338,2025-03-16,09:00,Sunday,Yes,Old Bus Stand,15.3502,75.138,Clear,671,40.7,1,36.38,Moderate,35.73,Medium
1339,2025-02-01,06:00,Saturday,Yes,Vidya Nagar,15.37,75.119,Cloudy,433,47.8,0,20.04,Low,16.57,Low
1340,2025-03-15,10:00,Saturday,Yes,Vidya Nagar,15.37,75.119,Cloudy,568,40.4,0,29.56,Low,24.55,Low
1341,2025-01-16,04:00,Thursday,No,Vidya Nagar,15.37,75.119,Clear,205,47.9,1,15.17,Low,18.19,Low
1342,2025-03-26,10:00,Wednesday,No,Old Bus Stand,15.3502,75.138,Rain,965,30.0,0,50.35,Moderate,41.82,Medium
1343,2025-01-21,01:00,Tuesday,No,Unkal Lake Road,15.373,75.1115,Clear,338,41.7,0,20.53,Low,17.12,Low
1344,2025-04-04,16:00,Friday,No,Airport Road,15.3705,75.096,Clear,354,47.0,0,17.73,Low,14.7,Low
1345,2025-01-07,09:00,Tuesday,No,Airport Road,15.3705,75.096,Cloudy,668,33.4,0,37.59,Moderate,31.29,Low
1346,2025-03-05,12:00,Wednesday,No,Hubballi Railway Station,15.3515,75.1387,Clear,407,35.1,0,27.19,Low,22.74,Low
1347,2025-03-30,08:00,Sunday,Yes,Vidya Nagar,15.37,75.119,Clear,742,32.3,0,40.93,Moderate,34.05,Low
1348,2025-04-26,00:00,Saturday,Yes,Unkal Lake Road,15.373,75.1115,Clear,274,47.8,0,14.36,Low,11.93,Low
1349,2025-04-08,15:00,Tuesday,No,Gokul Road,15.3652,75.1106,Cloudy,501,41.7,0,26.34,Low,21.88,Low
1350,2025-02-13,08:00,Thursday,No,MG Road Junction,15.3647,75.1239,Clear,951,36.8,0,45.52,Moderate,37.7,Medium
1351,2025-03-11,08:00,Tuesday,No,Unkal Lake Road,15.373,75.1115,Cloudy,899,42.7,0,39.91,Moderate,32.96,Low
1352,2025-02-21,16:00,Friday,No,Old Bus Stand,15.3502,75.138,Cloudy,431,37.6,0,26.46,Low,22.08,Low
1353,2025-01-03,12:00,Friday,No,Airport Road,15.3705,75.096,Clear,345,48.2,1,19.97,Low,22.12,Low
1354,2025-02-09,02:00,Sunday,Yes,Airport Road,15.3705,75.096,Fog,364,33.6,0,26.61,Low,22.3,Low
1355,2025-03-10,07:00,Monday,No,Gokul Road,15.3652,75.1106,Clear,983,32.7,0,49.28,Moderate,40.87,Medium
1356,2025-03-29,01:00,Saturday,Yes,Gokul Road,15.3652,75.1106,Fog,403,35.0,1,30.44,Low,31.01,Low
1357,2025-01-02,00:00,Thursday,No,Old Bus Stand,15.3502,75.138,Clear,209,46.2,0,13.06,Low,10.9,Low
1358,2025-02-14,06:00,Friday,No,MG Road Junction,15.3647,75.1239,Fog,619,30.9,0,37.43,Moderate,31.22,Low
1359,2025-01-06,10:00,Monday,No,Gokul Road,15.3652,75.1106,Clear,953,37.7,0,45.02,Moderate,37.27,Medium
1360,2025-02-22,04:00,Saturday,Yes,Hubballi Railway Station,15.3515,75.1387,Clear,464,42.2,0,24.71,Low,20.53,Low
1361,2025-01-05,11:00,Sunday,Yes,MG Road Junction,15.3647,75.1239,Clear,431,41.5,0,23.97,Low,19.95,Low
1362,2025-01-08,03:00,Wednesday,No,Gokul Road,15.3652,75.1106,Clear,396,41.1,1,26.31,Low,27.48,Low
1363,2025-03-02,18:00,Sunday,Yes,Keshwapur,15.3565,75.1325,Cloudy,857,37.5,1,45.06,Moderate,42.9,Medium
1364,2025-01-05,05:00,Sunday,Yes,Unkal Lake Road,15.373,75.1115,Clear,309,38.5,0,21.53,Low,18.02,Low
1365,2025-04-18,03:00,Friday,No,Gokul Road,15.3652,75.1106,Cloudy,296,39.8,0,20.24,Low,16.93,Low
1366,2025-04-07,18:00,Monday,No,Hubballi Railway Station,15.3515,75.1387,Clear,1232,30.1,0,59.82,Moderate,49.56,Medium
1367,2025-03-10,04:00,Monday,No,Vidya Nagar,15.37,75.119,Clear,238,47.0,0,13.59,Low,11.31,Low
1368,2025-02-13,08:00,Thursday,No,Gokul Road,15.3652,75.1106,Cloudy,1068,42.3,0,46.2,Moderate,38.11,Medium
1369,2025-01-14,17:00,Tuesday,No,Airport Road,15.3705,75.096,Clear,857,35.9,0,42.74,Moderate,35.44,Medium
1370,2025-03-05,08:00,Wednesday,No,Airport Road,15.3705,75.096,Cloudy,567,33.3,0,34.05,Low,28.39,Low
1371,2025-01-01,11:00,Wednesday,No,Airport Road,15.3705,75.096,Cloudy,326,40.5,0,20.86,Low,17.43,Low
1372,2025-02-25,21:00,Tuesday,No,Vidya Nagar,15.37,75.119,Rain,950,33.0,0,47.91,Moderate,39.74,Medium
1373,2025-01-09,23:00,Thursday,No,Airport Road,15.3705,75.096,Clear,321,39.8,0,21.13,Low,17.66,Low
1374,2025-01-15,02:00,Wednesday,No,Keshwapur,15.3565,75.1325,Cloudy,688,33.6,1,41.51,Moderate,40.1,Medium
1375,2025-03-16,23:00,Sunday,Yes,Gokul Road,15.3652,75.1106,Fog,219,39.7,0,17.55,Low,14.74,Low
1376,2025-04-23,20:00,Wednesday,No,Old Bus Stand,15.3502,75.138,Cloudy,983,36.8,0,46.67,Moderate,38.63,Medium
1377,2025-03-14,22:00,Friday,No,Airport Road,15.3705,75.096,Clear,484,35.7,0,29.56,Low,24.66,Low
1378,2025-03-04,20:00,Tuesday,No,MG Road Junction,15.3647,75.1239,Cloudy,1044,30.5,0,52.85,Moderate,43.85,Medium
1379,2025-04-11,21:00,Friday,No,Old Bus Stand,15.3502,75.138,Cloudy,895,41.0,0,40.85,Moderate,33.77,Low
1380,2025-01-30,13:00,Thursday,No,Vidya Nagar,15.37,75.119,Cloudy,436,45.6,0,21.54,Low,17.86,Low
1381,2025-02-20,23:00,Thursday,No,Keshwapur,15.3565,75.1325,Clear,555,35.8,0,32.03,Low,26.68,Low
1382,2025-04-15,17:00,Tuesday,No,MG Road Junction,15.3647,75.1239,Clear,1034,26.3,0,55.17,Moderate,45.85,Medium
1383,2025-02-16,08:00,Sunday,Yes,MG Road Junction,15.3647,75.1239,Rain,1010,30.6,1,54.91,Moderate,51.14,Medium
1384,2025-02-23,19:00,Sunday,Yes,MG Road Junction,15.3647,75.1239,Clear,646,38.2,1,37.08,Moderate,36.36,Medium
1385,2025-01-21,08:00,Tuesday,No,MG Road Junction,15.3647,75.1239,Cloudy,838,37.6,0,40.98,Moderate,33.96,Low
1386,2025-03-07,01:00,Friday,No,Old Bus Stand,15.3502,75.138,Clear,424,44.9,0,21.56,Low,17.89,Low
1387,2025-01-02,22:00,Thursday,No,Old Bus Stand,15.3502,75.138,Clear,569,36.6,0,32.02,Low,26.65,Low
1388,2025-02-02,09:00,Sunday,Yes,Gokul Road,15.3652,75.1106,Clear,841,35.1,0,42.68,Moderate,35.41,Medium
1389,2025-02-13,07:00,Thursday,No,Airport Road,15.3705,75.096,Clear,560,36.9,0,31.51,Low,26.23,Low
1390,2025-01-30,14:00,Thursday,No,Unkal Lake Road,15.373,75.1115,Fog,446,30.6,0,31.45,Low,26.33,Low
1391,2025-01-17,16:00,Friday,No,Gokul Road,15.3652,75.1106,Rain,615,37.1,0,33.34,Low,27.72,Low
1392,2025-03-17,17:00,Monday,No,Gokul Road,15.3652,75.1106,Cloudy,877,36.9,0,42.82,Moderate,35.48,Medium
1393,2025-01-11,09:00,Saturday,Yes,Keshwapur,15.3565,75.1325,Clear,529,34.7,0,31.8,Low,26.52,Low
1394,2025-01-17,06:00,Friday,No,Keshwapur,15.3565,75.1325,Cloudy,480,44.5,0,23.81,Low,19.74,Low
1395,2025-01-14,22:00,Tuesday,No,Airport Road,15.3705,75.096,Cloudy,463,40.4,0,25.82,Low,21.48,Low
1396,2025-01-27,04:00,Monday,No,Unkal Lake Road,15.373,75.1115,Cloudy,373,46.1,1,22.31,Low,24.08,Low
1397,2025-01-06,16:00,Monday,No,Keshwapur,15.3565,75.1325,Clear,328,39.6,0,21.51,Low,17.98,Low
1398,2025-04-24,23:00,Thursday,No,Airport Road,15.3705,75.096,Cloudy,155,42.2,0,13.68,Low,11.51,Low
1399,2025-03-05,09:00,Wednesday,No,Airport Road,15.3705,75.096,Cloudy,824,38.0,1,43.56,Moderate,41.67,Medium
1400,2025-02-04,10:00,Tuesday,No,Old Bus Stand,15.3502,75.138,Fog,1118,20.7,1,65.06,High,59.69,Medium
1401,2025-01-31,06:00,Friday,No,Hubballi Railway Station,15.3515,75.1387,Clear,538,39.7,0,28.94,Low,24.06,Low
1402,2025-03-04,12:00,Tuesday,No,Old Bus Stand,15.3502,75.138,Cloudy,694,33.9,1,41.53,Moderate,40.11,Medium
1403,2025-04-21,01:00,Monday,No,Unkal Lake Road,15.373,75.1115,Cloudy,393,41.2,0,22.81,Low,19.0,Low
1404,2025-02-11,05:00,Tuesday,No,Keshwapur,15.3565,75.1325,Clear,381,42.8,0,21.36,Low,17.78,Low
1405,2025-04-11,19:00,Friday,No,Unkal Lake Road,15.373,75.1115,Clear,838,36.9,0,41.43,Moderate,34.34,Low
1406,2025-02-08,22:00,Saturday,Yes,Gokul Road,15.3652,75.1106,Clear,255,43.1,0,16.67,Low,13.94,Low
1407,2025-01-17,17:00,Friday,No,Gokul Road,15.3652,75.1106,Clear,862,37.8,0,41.71,Moderate,34.55,Low
1408,2025-03-03,02:00,Monday,No,Unkal Lake Road,15.373,75.1115,Clear,451,42.6,0,23.99,Low,19.93,Low
1409,2025-01-26,14:00,Sunday,Yes,Hubballi Railway Station,15.3515,75.1387,Cloudy,508,40.9,0,27.1,Low,22.53,Low
1410,2025-02-24,00:00,Monday,No,Hubballi Railway Station,15.3515,75.1387,Cloudy,313,41.3,0,19.89,Low,16.61,Low
1411,2025-02-19,06:00,Wednesday,No,Old Bus Stand,15.3502,75.138,Cloudy,312,48.1,0,15.53,Low,12.87,Low
1412,2025-04-22,03:00,Tuesday,No,Unkal Lake Road,15.373,75.1115,Rain,442,38.7,0,26.15,Low,21.8,Low
1413,2025-04-04,03:00,Friday,No,Keshwapur,15.3565,75.1325,Clear,358,39.1,1,26.23,Low,27.46,Low
1414,2025-02-16,17:00,Sunday,Yes,Old Bus Stand,15.3502,75.138,Clear,867,39.0,0,41.13,Moderate,34.05,Low
1415,2025-01-06,10:00,Monday,No,Vidya Nagar,15.37,75.119,Cloudy,816,40.6,0,38.29,Moderate,31.68,Low
1416,2025-04-29,20:00,Tuesday,No,Hubballi Railway Station,15.3515,75.1387,Clear,1212,31.5,2,64.88,High,64.88,High
1417,2025-02-19,18:00,Wednesday,No,MG Road Junction,15.3647,75.1239,Clear,1140,32.7,0,54.88,Moderate,45.45,Medium
1418,2025-01-08,14:00,Wednesday,No,Old Bus Stand,15.3502,75.138,Clear,396,34.5,0,27.18,Low,22.75,Low
1419,2025-01-16,03:00,Thursday,No,Gokul Road,15.3652,75.1106,Clear,214,41.8,0,16.04,Low,13.45,Low
1420,2025-01-02,14:00,Thursday,No,Old Bus Stand,15.3502,75.138,Rain,631,38.0,1,36.67,Moderate,36.03,Medium
1421,2025-04-17,00:00,Thursday,No,Unkal Lake Road,15.373,75.1115,Clear,187,42.4,0,14.69,Low,12.33,Low
1422,2025-02-27,04:00,Thursday,No,MG Road Junction,15.3647,75.1239,Clear,419,41.8,0,23.35,Low,19.44,Low
1423,2025-02-08,08:00,Saturday,Yes,Unkal Lake Road,15.373,75.1115,Clear,499,37.9,1,32.03,Low,32.23,Low
1424,2025-04-26,09:00,Saturday,Yes,Airport Road,15.3705,75.096,Cloudy,477,42.6,0,24.92,Low,20.69,Low
1425,2025-01-01,15:00,Wednesday,No,Gokul Road,15.3652,75.1106,Clear,293,45.7,0,16.38,Low,13.63,Low
1426,2025-01-21,12:00,Tuesday,No,Gokul Road,15.3652,75.1106,Cloudy,373,44.7,0,19.87,Low,16.51,Low
1427,2025-03-02,09:00,Sunday,Yes,Hubballi Railway Station,15.3515,75.1387,Clear,936,31.0,0,48.68,Moderate,40.42,Medium
1428,2025-02-17,03:00,Monday,No,Old Bus Stand,15.3502,75.138,Clear,646,39.8,1,36.06,Moderate,35.49,Medium
1429,2025-01-13,22:00,Monday,No,Hubballi Railway Station,15.3515,75.1387,Clear,714,44.8,1,35.31,Moderate,34.75,Low
1430,2025-01-31,18:00,Friday,No,MG Road Junction,15.3647,75.1239,Clear,1094,36.4,1,54.22,Moderate,50.43,Medium
1431,2025-01-23,17:00,Thursday,No,Old Bus Stand,15.3502,75.138,Clear,1064,34.2,0,51.21,Moderate,42.42,Medium
1432,2025-04-13,13:00,Sunday,Yes,Airport Road,15.3705,75.096,Clear,376,35.3,0,25.96,Low,21.73,Low
1433,2025-01-11,10:00,Saturday,Yes,Unkal Lake Road,15.373,75.1115,Rain,539,34.8,1,35.43,Moderate,35.09,Medium
1434,2025-02-01,14:00,Saturday,Yes,Airport Road,15.3705,75.096,Clear,342,50.0,0,15.39,Low,12.71,Low
1435,2025-03-17,04:00,Monday,No,Gokul Road,15.3652,75.1106,Cloudy,650,44.6,1,33.15,Low,32.99,Low
1436,2025-02-24,01:00,Monday,No,MG Road Junction,15.3647,75.1239,Clear,385,44.7,0,20.3,Low,16.86,Low
1437,2025-03-09,23:00,Sunday,Yes,Vidya Nagar,15.37,75.119,Clear,478,38.7,0,27.43,Low,22.85,Low
1438,2025-03-21,18:00,Friday,No,MG Road Junction,15.3647,75.1239,Clear,1400,29.5,0,66.19,High,54.79,Medium
1439,2025-02-03,21:00,Monday,No,Keshwapur,15.3565,75.1325,Rain,1171,30.5,1,60.72,High,55.89,Medium
1440,2025-01-02,04:00,Thursday,No,MG Road Junction,15.3647,75.1239,Clear,606,43.7,1,32.15,Low,32.19,Low
1441,2025-02-09,21:00,Sunday,Yes,Airport Road,15.3705,75.096,Clear,447,43.3,0,23.4,Low,19.44,Low
1442,2025-03-26,16:00,Wednesday,No,Keshwapur,15.3565,75.1325,Clear,589,43.6,1,31.61,Low,31.75,Low
1443,2025-01-20,20:00,Monday,No,Keshwapur,15.3565,75.1325,Clear,817,36.9,0,40.68,Moderate,33.73,Low
1444,2025-01-14,05:00,Tuesday,No,Old Bus Stand,15.3502,75.138,Clear,538,40.4,0,28.49,Low,23.67,Low
1445,2025-01-11,04:00,Saturday,Yes,Old Bus Stand,15.3502,75.138,Cloudy,445,40.2,0,25.3,Low,21.07,Low
1446,2025-02-01,03:00,Saturday,Yes,Keshwapur,15.3565,75.1325,Clear,100,48.4,0,7.77,Low,6.52,Low
1447,2025-01-30,00:00,Thursday,No,Vidya Nagar,15.37,75.119,Clear,452,46.0,1,25.19,Low,26.44,Low
1448,2025-01-12,07:00,Sunday,Yes,Old Bus Stand,15.3502,75.138,Cloudy,1126,35.8,0,52.41,Moderate,43.35,Medium
1449,2025-03-15,19:00,Saturday,Yes,MG Road Junction,15.3647,75.1239,Clear,539,35.9,0,31.39,Low,26.16,Low
1450,2025-02-22,14:00,Saturday,Yes,Airport Road,15.3705,75.096,Clear,258,39.9,0,18.82,Low,15.77,Low
1451,2025-04-12,00:00,Saturday,Yes,MG Road Junction,15.3647,75.1239,Clear,113,50.9,0,6.64,Low,5.54,Low
1452,2025-01-12,01:00,Sunday,Yes,Vidya Nagar,15.37,75.119,Cloudy,211,45.9,0,13.32,Low,11.13,Low
1453,2025-02-08,08:00,Saturday,Yes,Gokul Road,15.3652,75.1106,Clear,474,42.5,0,24.87,Low,20.66,Low
1454,2025-01-15,03:00,Wednesday,No,Hubballi Railway Station,15.3515,75.1387,Clear,518,41.9,0,26.82,Low,22.27,Low
1455,2025-01-17,04:00,Friday,No,Airport Road,15.3705,75.096,Clear,415,49.5,0,18.31,Low,15.12,Low
1456,2025-04-20,08:00,Sunday,Yes,Old Bus Stand,15.3502,75.138,Cloudy,816,35.3,1,44.99,Moderate,42.91,Medium
1457,2025-03-27,10:00,Thursday,No,Airport Road,15.3705,75.096,Clear,584,44.7,0,27.4,Low,22.67,Low
1458,2025-02-18,13:00,Tuesday,No,MG Road Junction,15.3647,75.1239,Cloudy,426,43.3,0,22.65,Low,18.82,Low
1459,2025-01-16,15:00,Thursday,No,Hubballi Railway Station,15.3515,75.1387,Rain,654,27.9,0,40.59,Moderate,33.88,Low
1460,2025-03-26,17:00,Wednesday,No,Unkal Lake Road,15.373,75.1115,Cloudy,683,35.6,0,36.72,Moderate,30.53,Low
1461,2025-04-09,19:00,Wednesday,No,Unkal Lake Road,15.373,75.1115,Clear,637,37.1,0,34.13,Low,28.37,Low
1462,2025-01-07,01:00,Tuesday,No,Old Bus Stand,15.3502,75.138,Clear,452,46.3,0,21.67,Low,17.94,Low
1463,2025-03-24,13:00,Monday,No,Vidya Nagar,15.37,75.119,Clear,294,49.0,0,14.31,Low,11.86,Low
1464,2025-01-13,04:00,Monday,No,Unkal Lake Road,15.373,75.1115,Clear,413,43.9,0,21.8,Low,18.11,Low
1465,2025-01-18,23:00,Saturday,Yes,Airport Road,15.3705,75.096,Clear,390,40.7,0,23.02,Low,19.19,Low
1466,2025-01-30,08:00,Thursday,No,Unkal Lake Road,15.373,75.1115,Cloudy,1015,30.8,0,51.63,Moderate,42.84,Medium
1467,2025-03-25,06:00,Tuesday,No,Gokul Road,15.3652,75.1106,Clear,519,45.6,1,27.84,Low,28.62,Low
1468,2025-04-20,16:00,Sunday,Yes,Gokul Road,15.3652,75.1106,Clear,457,36.8,0,27.89,Low,23.27,Low
1469,2025-01-17,14:00,Friday,No,Old Bus Stand,15.3502,75.138,Cloudy,402,42.2,0,22.49,Low,18.72,Low
1470,2025-02-10,03:00,Monday,No,Gokul Road,15.3652,75.1106,Cloudy,399,52.1,0,16.09,Low,13.23,Low
1471,2025-04-04,02:00,Friday,No,Unkal Lake Road,15.373,75.1115,Clear,506,39.2,0,28.11,Low,23.39,Low
1472,2025-03-27,01:00,Thursday,No,Vidya Nagar,15.37,75.119,Rain,493,31.3,0,32.68,Low,27.32,Low
1473,2025-03-18,04:00,Tuesday,No,Keshwapur,15.3565,75.1325,Clear,459,34.8,1,32.57,Low,32.76,Low
1474,2025-03-29,20:00,Saturday,Yes,Keshwapur,15.3565,75.1325,Cloudy,900,45.6,0,38.1,Moderate,31.41,Low
1475,2025-02-09,02:00,Sunday,Yes,Old Bus Stand,15.3502,75.138,Cloudy,341,44.8,0,18.66,Low,15.52,Low
1476,2025-01-30,13:00,Thursday,No,Hubballi Railway Station,15.3515,75.1387,Cloudy,710,35.1,0,38.0,Moderate,31.59,Low
1477,2025-02-03,14:00,Monday,No,Keshwapur,15.3565,75.1325,Cloudy,524,40.3,0,28.06,Low,23.32,Low
1478,2025-03-02,23:00,Sunday,Yes,Keshwapur,15.3565,75.1325,Clear,410,39.9,0,24.24,Low,20.21,Low
1479,2025-02-25,05:00,Tuesday,No,Gokul Road,15.3652,75.1106,Clear,384,35.4,1,29.51,Low,30.24,Low
1480,2025-01-01,10:00,Wednesday,No,Gokul Road,15.3652,75.1106,Cloudy,1014,37.6,1,50.6,Moderate,47.43,Medium
1481,2025-02-15,05:00,Saturday,Yes,Unkal Lake Road,15.373,75.1115,Clear,242,44.9,0,15.06,Low,12.58,Low
1482,2025-03-19,20:00,Wednesday,No,Old Bus Stand,15.3502,75.138,Rain,1212,29.7,1,62.69,High,57.53,Medium
1483,2025-04-05,17:00,Saturday,Yes,Hubballi Railway Station,15.3515,75.1387,Clear,801,37.3,0,39.85,Moderate,33.05,Low
1484,2025-04-19,19:00,Saturday,Yes,Old Bus Stand,15.3502,75.138,Clear,936,36.0,0,45.5,Moderate,37.7,Medium
1485,2025-02-02,03:00,Sunday,Yes,MG Road Junction,15.3647,75.1239,Clear,399,33.7,0,27.8,Low,23.27,Low
1486,2025-03-08,10:00,Saturday,Yes,Airport Road,15.3705,75.096,Clear,725,42.0,0,34.15,Low,28.26,Low
1487,2025-03-08,23:00,Saturday,Yes,Hubballi Railway Station,15.3515,75.1387,Cloudy,347,39.0,0,22.57,Low,18.86,Low
1488,2025-02-25,13:00,Tuesday,No,Hubballi Railway Station,15.3515,75.1387,Cloudy,419,39.1,1,28.41,Low,29.24,Low
1489,2025-02-06,20:00,Thursday,No,Vidya Nagar,15.37,75.119,Cloudy,895,34.0,1,48.64,Moderate,45.92,Medium
1490,2025-02-27,21:00,Thursday,No,Old Bus Stand,15.3502,75.138,Rain,1297,17.5,1,73.49,High,66.66,High
1491,2025-01-10,09:00,Friday,No,Unkal Lake Road,15.373,75.1115,Rain,972,27.7,0,52.06,Moderate,43.28,Medium
1492,2025-02-04,08:00,Tuesday,No,Vidya Nagar,15.37,75.119,Rain,950,27.7,0,51.28,Moderate,42.63,Medium
1493,2025-04-05,09:00,Saturday,Yes,Hubballi Railway Station,15.3515,75.1387,Clear,821,35.5,0,41.71,Moderate,34.61,Low
1494,2025-02-09,00:00,Sunday,Yes,Hubballi Railway Station,15.3515,75.1387,Cloudy,435,35.4,0,28.0,Low,23.39,Low
1495,2025-04-27,16:00,Sunday,Yes,Hubballi Railway Station,15.3515,75.1387,Clear,232,48.6,0,12.35,Low,10.27,Low
1496,2025-04-17,09:00,Thursday,No,Keshwapur,15.3565,75.1325,Clear,1033,35.8,1,52.42,Moderate,48.97,Medium
1497,2025-04-07,02:00,Monday,No,Old Bus Stand,15.3502,75.138,Cloudy,309,40.4,0,20.32,Low,16.99,Low
1498,2025-03-21,15:00,Friday,No,Airport Road,15.3705,75.096,Clear,233,42.6,0,16.21,Low,13.57,Low
1499,2025-03-16,20:00,Sunday,Yes,Airport Road,15.3705,75.096,Clear,561,43.9,0,27.09,Low,22.44,Low
1500,2025-01-03,05:00,Friday,No,Vidya Nagar,15.37,75.119,Clear,368,42.1,0,21.34,Low,17.78,Low
1501,2025-01-31,06:00,Friday,No,Hubballi Railway Station,15.3515,75.1387,Clear,609,34.9,0,34.53,Low,28.75,Low
1502,2025-04-25,00:00,Friday,No,Airport Road,15.3705,75.096,Rain,501,36.0,1,33.31,Low,33.33,Low
1503,2025-03-06,08:00,Thursday,No,Gokul Road,15.3652,75.1106,Clear,964,30.8,0,49.81,Moderate,41.35,Medium
1504,2025-02-13,11:00,Thursday,No,Old Bus Stand,15.3502,75.138,Clear,328,40.8,0,20.74,Low,17.32,Low
1505,2025-03-21,17:00,Friday,No,Airport Road,15.3705,75.096,Clear,715,38.3,0,36.15,Moderate,29.99,Low
1506,2025-03-16,00:00,Sunday,Yes,Unkal Lake Road,15.373,75.1115,Clear,282,48.5,0,14.2,Low,11.78,Low
1507,2025-03-08,12:00,Saturday,Yes,Old Bus Stand,15.3502,75.138,Rain,530,44.0,1,29.25,Low,29.81,Low
1508,2025-03-21,18:00,Friday,No,Unkal Lake Road,15.373,75.1115,Clear,733,43.7,0,33.35,Low,27.57,Low
1509,2025-04-13,18:00,Sunday,Yes,Airport Road,15.3705,75.096,Clear,607,39.6,1,34.8,Low,34.46,Low
1510,2025-04-25,01:00,Friday,No,Gokul Road,15.3652,75.1106,Cloudy,425,51.4,0,17.46,Low,14.37,Low
1511,2025-02-05,09:00,Wednesday,No,Unkal Lake Road,15.373,75.1115,Rain,904,33.2,1,49.47,Moderate,46.62,Medium
1512,2025-03-29,21:00,Saturday,Yes,Keshwapur,15.3565,75.1325,Cloudy,844,32.8,0,44.25,Moderate,36.76,Medium
1513,2025-04-05,07:00,Saturday,Yes,Airport Road,15.3705,75.096,Rain,594,35.5,0,33.61,Low,27.98,Low
1514,2025-01-01,02:00,Wednesday,No,Keshwapur,15.3565,75.1325,Clear,350,40.7,0,21.59,Low,18.02,Low
1515,2025-01-07,15:00,Tuesday,No,Airport Road,15.3705,75.096,Clear,384,37.9,0,24.59,Low,20.54,Low
1516,2025-02-02,12:00,Sunday,Yes,MG Road Junction,15.3647,75.1239,Clear,206,40.6,0,16.52,Low,13.87,Low
1517,2025-02-07,04:00,Friday,No,MG Road Junction,15.3647,75.1239,Rain,804,31.7,0,43.52,Moderate,36.19,Medium
1518,2025-03-26,14:00,Wednesday,No,MG Road Junction,15.3647,75.1239,Clear,519,44.1,1,28.79,Low,29.43,Low
1519,2025-04-10,00:00,Thursday,No,Unkal Lake Road,15.373,75.1115,Clear,357,47.5,0,17.51,Low,14.52,Low
1520,2025-01-25,03:00,Saturday,Yes,Keshwapur,15.3565,75.1325,Clear,422,37.4,0,26.26,Low,21.92,Low
1521,2025-03-22,13:00,Saturday,Yes,Keshwapur,15.3565,75.1325,Clear,414,41.3,0,23.49,Low,19.56,Low
1522,2025-02-27,12:00,Thursday,No,Keshwapur,15.3565,75.1325,Clear,451,43.9,0,23.16,Low,19.22,Low
1523,2025-02-23,18:00,Sunday,Yes,Gokul Road,15.3652,75.1106,Fog,898,28.6,1,52.18,Moderate,48.96,Medium
1524,2025-03-10,08:00,Monday,No,Keshwapur,15.3565,75.1325,Clear,813,39.9,0,38.63,Moderate,31.98,Low
1525,2025-02-09,15:00,Sunday,Yes,Gokul Road,15.3652,75.1106,Cloudy,466,40.0,0,26.18,Low,21.79,Low
1526,2025-04-22,18:00,Tuesday,No,MG Road Junction,15.3647,75.1239,Cloudy,931,40.7,0,42.33,Moderate,34.99,Low
1527,2025-02-11,03:00,Tuesday,No,MG Road Junction,15.3647,75.1239,Clear,594,40.1,0,30.68,Low,25.47,Low
1528,2025-02-20,18:00,Thursday,No,Unkal Lake Road,15.373,75.1115,Clear,744,41.1,0,35.4,Moderate,29.31,Low
1529,2025-02-08,08:00,Saturday,Yes,Airport Road,15.3705,75.096,Clear,399,41.2,0,23.02,Low,19.18,Low
1530,2025-04-27,01:00,Sunday,Yes,MG Road Junction,15.3647,75.1239,Clear,442,42.3,1,27.19,Low,28.17,Low
1531,2025-02-26,11:00,Wednesday,No,Airport Road,15.3705,75.096,Cloudy,334,37.2,1,26.58,Low,27.8,Low
1532,2025-01-08,01:00,Wednesday,No,Airport Road,15.3705,75.096,Clear,187,42.2,0,14.82,Low,12.44,Low
1533,2025-01-22,16:00,Wednesday,No,Old Bus Stand,15.3502,75.138,Clear,189,44.7,0,13.3,Low,11.14,Low
1534,2025-03-03,22:00,Monday,No,Unkal Lake Road,15.373,75.1115,Clear,353,43.7,0,19.79,Low,16.47,Low
1535,2025-01-02,15:00,Thursday,No,Hubballi Railway Station,15.3515,75.1387,Rain,846,42.4,0,38.21,Moderate,31.58,Low
1536,2025-03-07,00:00,Friday,No,Hubballi Railway Station,15.3515,75.1387,Rain,661,32.7,0,37.78,Moderate,31.47,Low
1537,2025-03-01,02:00,Saturday,Yes,Vidya Nagar,15.37,75.119,Rain,358,32.7,0,26.97,Low,22.62,Low
1538,2025-02-09,18:00,Sunday,Yes,Old Bus Stand,15.3502,75.138,Cloudy,952,42.1,1,45.52,Moderate,43.17,Medium
1539,2025-02-10,23:00,Monday,No,Unkal Lake Road,15.373,75.1115,Clear,466,46.1,0,22.3,Low,18.46,Low
1540,2025-02-10,14:00,Monday,No,Vidya Nagar,15.37,75.119,Cloudy,554,36.0,0,31.86,Low,26.54,Low
1541,2025-01-02,13:00,Thursday,No,Vidya Nagar,15.37,75.119,Clear,485,43.4,0,24.69,Low,20.49,Low
1542,2025-04-09,23:00,Wednesday,No,Old Bus Stand,15.3502,75.138,Cloudy,610,43.2,0,29.28,Low,24.25,Low
1543,2025-02-23,02:00,Sunday,Yes,Hubballi Railway Station,15.3515,75.1387,Cloudy,491,42.1,0,25.73,Low,21.37,Low
1544,2025-02-19,23:00,Wednesday,No,Unkal Lake Road,15.373,75.1115,Clear,318,45.1,0,17.65,Low,14.69,Low
1545,2025-03-09,17:00,Sunday,Yes,Hubballi Railway Station,15.3515,75.1387,Cloudy,581,37.7,0,31.75,Low,26.4,Low
1546,2025-02-08,01:00,Saturday,Yes,Vidya Nagar,15.37,75.119,Rain,375,40.0,0,22.93,Low,19.13,Low
1547,2025-01-19,21:00,Sunday,Yes,Unkal Lake Road,15.373,75.1115,Clear,725,36.4,0,37.71,Moderate,31.32,Low
1548,2025-01-02,12:00,Thursday,No,Vidya Nagar,15.37,75.119,Rain,480,26.0,0,35.59,Moderate,29.84,Low
1549,2025-03-13,07:00,Thursday,No,Keshwapur,15.3565,75.1325,Clear,881,37.0,0,42.9,Moderate,35.54,Medium
1550,2025-02-03,03:00,Monday,No,Old Bus Stand,15.3502,75.138,Cloudy,322,37.0,0,22.95,Low,19.22,Low
1551,2025-02-10,12:00,Monday,No,Airport Road,15.3705,75.096,Clear,284,48.3,0,14.4,Low,11.95,Low
1552,2025-01-25,16:00,Saturday,Yes,Unkal Lake Road,15.373,75.1115,Clear,287,39.7,1,23.31,Low,25.06,Low
1553,2025-02-17,09:00,Monday,No,Unkal Lake Road,15.373,75.1115,Rain,911,21.0,0,54.15,Moderate,45.15,Medium
1554,2025-02-25,04:00,Tuesday,No,Airport Road,15.3705,75.096,Rain,413,30.4,1,33.73,Low,33.81,Low
1555,2025-04-05,15:00,Saturday,Yes,Vidya Nagar,15.37,75.119,Cloudy,254,44.4,0,15.81,Low,13.2,Low
1556,2025-01-14,05:00,Tuesday,No,Keshwapur,15.3565,75.1325,Clear,559,41.3,0,28.67,Low,23.8,Low
1557,2025-04-10,20:00,Thursday,No,Gokul Road,15.3652,75.1106,Rain,1162,21.9,1,65.87,High,60.32,High
1558,2025-04-01,02:00,Tuesday,No,Airport Road,15.3705,75.096,Clear,381,38.6,0,24.03,Low,20.07,Low
1559,2025-04-25,09:00,Friday,No,Old Bus Stand,15.3502,75.138,Rain,1307,25.5,0,65.42,High,54.26,Medium
1560,2025-02-26,02:00,Wednesday,No,Hubballi Railway Station,15.3515,75.1387,Clear,423,46.2,0,20.7,Low,17.15,Low
1561,2025-03-08,07:00,Saturday,Yes,Vidya Nagar,15.37,75.119,Clear,626,34.8,0,35.2,Moderate,29.3,Low
1562,2025-03-20,17:00,Thursday,No,Airport Road,15.3705,75.096,Cloudy,766,39.3,0,37.33,Moderate,30.93,Low
1563,2025-03-28,23:00,Friday,No,Airport Road,15.3705,75.096,Clear,253,37.7,0,20.04,Low,16.82,Low
1564,2025-03-25,04:00,Tuesday,No,Unkal Lake Road,15.373,75.1115,Clear,393,44.0,0,21.03,Low,17.48,Low
1565,2025-03-15,20:00,Saturday,Yes,Hubballi Railway Station,15.3515,75.1387,Clear,818,40.1,0,38.68,Moderate,32.01,Low
1566,2025-02-24,16:00,Monday,No,Hubballi Railway Station,15.3515,75.1387,Clear,892,38.2,1,45.86,Moderate,43.54,Medium
1567,2025-02-23,13:00,Sunday,Yes,Old Bus Stand,15.3502,75.138,Clear,393,46.7,0,19.31,Low,16.0,Low
1568,2025-01-09,23:00,Thursday,No,Hubballi Railway Station,15.3515,75.1387,Clear,660,42.9,0,31.26,Low,25.87,Low
1569,2025-04-10,07:00,Thursday,No,Airport Road,15.3705,75.096,Clear,756,45.3,0,33.16,Low,27.37,Low
1570,2025-03-31,03:00,Monday,No,Gokul Road,15.3652,75.1106,Clear,315,44.2,0,18.12,Low,15.09,Low
1571,2025-04-11,00:00,Friday,No,MG Road Junction,15.3647,75.1239,Cloudy,286,51.6,0,12.37,Low,10.21,Low
1572,2025-04-20,02:00,Sunday,Yes,Vidya Nagar,15.37,75.119,Clear,345,39.6,0,22.11,Low,18.47,Low
1573,2025-03-13,00:00,Thursday,No,MG Road Junction,15.3647,75.1239,Rain,825,31.2,1,47.92,Moderate,45.41,Medium
1574,2025-04-28,20:00,Monday,No,Airport Road,15.3705,75.096,Rain,861,31.1,0,45.94,Moderate,38.18,Medium
1575,2025-01-16,02:00,Thursday,No,MG Road Junction,15.3647,75.1239,Clear,529,36.8,0,30.46,Low,25.38,Low
1576,2025-04-19,12:00,Saturday,Yes,Airport Road,15.3705,75.096,Cloudy,236,35.4,1,24.23,Low,25.92,Low
1577,2025-03-13,12:00,Thursday,No,MG Road Junction,15.3647,75.1239,Rain,440,40.6,0,24.87,Low,20.7,Low
1578,2025-02-19,17:00,Wednesday,No,Hubballi Railway Station,15.3515,75.1387,Fog,908,24.2,0,52.01,Moderate,43.32,Medium
1579,2025-01-15,19:00,Wednesday,No,Keshwapur,15.3565,75.1325,Cloudy,739,36.5,0,38.15,Moderate,31.67,Low
1580,2025-01-08,22:00,Wednesday,No,Hubballi Railway Station,15.3515,75.1387,Clear,337,49.8,0,15.34,Low,12.68,Low
1581,2025-04-13,21:00,Sunday,Yes,Hubballi Railway Station,15.3515,75.1387,Cloudy,740,40.4,0,35.7,Moderate,29.57,Low
1582,2025-01-30,03:00,Thursday,No,Old Bus Stand,15.3502,75.138,Cloudy,595,47.0,0,26.33,Low,21.74,Low
1583,2025-03-27,14:00,Thursday,No,Unkal Lake Road,15.373,75.1115,Cloudy,322,44.2,0,18.37,Low,15.29,Low
1584,2025-04-01,20:00,Tuesday,No,Unkal Lake Road,15.373,75.1115,Clear,806,39.5,0,38.63,Moderate,31.99,Low
1585,2025-01-24,04:00,Friday,No,MG Road Junction,15.3647,75.1239,Rain,658,33.3,1,40.63,Moderate,39.38,Medium
1586,2025-02-04,09:00,Tuesday,No,Airport Road,15.3705,75.096,Fog,724,27.0,0,43.66,Moderate,36.41,Medium
1587,2025-04-28,00:00,Monday,No,Old Bus Stand,15.3502,75.138,Clear,341,45.7,0,18.09,Low,15.03,Low
1588,2025-02-13,22:00,Thursday,No,Hubballi Railway Station,15.3515,75.1387,Clear,646,37.6,0,34.13,Low,28.36,Low
1589,2025-04-18,14:00,Friday,No,Old Bus Stand,15.3502,75.138,Clear,288,46.7,0,15.56,Low,12.94,Low
1590,2025-01-18,17:00,Saturday,Yes,MG Road Junction,15.3647,75.1239,Rain,905,28.7,0,49.04,Moderate,40.77,Medium
1591,2025-04-24,07:00,Thursday,No,Unkal Lake Road,15.373,75.1115,Cloudy,736,37.5,1,40.74,Moderate,39.37,Medium
1592,2025-04-11,10:00,Friday,No,Keshwapur,15.3565,75.1325,Cloudy,999,34.3,0,48.83,Moderate,40.46,Medium
1593,2025-03-07,14:00,Friday,No,Vidya Nagar,15.37,75.119,Clear,566,44.8,0,26.69,Low,22.09,Low
1594,2025-03-30,17:00,Sunday,Yes,MG Road Junction,15.3647,75.1239,Cloudy,967,33.4,0,48.26,Moderate,40.02,Medium
1595,2025-04-11,03:00,Friday,No,Old Bus Stand,15.3502,75.138,Clear,685,43.6,0,31.7,Low,26.22,Low
1596,2025-01-25,12:00,Saturday,Yes,Keshwapur,15.3565,75.1325,Clear,243,41.1,0,17.52,Low,14.68,Low
1597,2025-03-25,20:00,Tuesday,No,Vidya Nagar,15.37,75.119,Cloudy,994,35.8,0,47.7,Moderate,39.5,Medium
1598,2025-03-06,11:00,Thursday,No,Gokul Road,15.3652,75.1106,Fog,612,29.1,0,38.32,Moderate,32.0,Low
1599,2025-01-13,06:00,Monday,No,MG Road Junction,15.3647,75.1239,Rain,279,43.7,0,17.15,Low,14.31,Low
1600,2025-03-24,17:00,Monday,No,MG Road Junction,15.3647,75.1239,Rain,1180,24.0,1,65.18,High,59.7,Medium
1601,2025-02-21,23:00,Friday,No,Gokul Road,15.3652,75.1106,Clear,555,37.7,0,30.82,Low,25.64,Low
1602,2025-03-06,12:00,Thursday,No,Gokul Road,15.3652,75.1106,Clear,402,37.6,0,25.42,Low,21.23,Low
1603,2025-03-12,10:00,Wednesday,No,MG Road Junction,15.3647,75.1239,Cloudy,873,36.8,0,42.74,Moderate,35.42,Medium
1604,2025-02-17,08:00,Monday,No,Gokul Road,15.3652,75.1106,Rain,1354,27.3,1,69.29,High,62.98,High
1605,2025-02-22,08:00,Saturday,Yes,Hubballi Railway Station,15.3515,75.1387,Clear,788,39.4,0,38.05,Moderate,31.52,Low
1606,2025-03-28,00:00,Friday,No,Vidya Nagar,15.37,75.119,Clear,421,41.8,0,23.43,Low,19.49,Low
1607,2025-01-15,23:00,Wednesday,No,Vidya Nagar,15.37,75.119,Clear,252,42.0,0,17.27,Low,14.45,Low
1608,2025-01-30,03:00,Thursday,No,Vidya Nagar,15.37,75.119,Cloudy,333,42.4,0,19.9,Low,16.6,Low
1609,2025-01-19,15:00,Sunday,Yes,Hubballi Railway Station,15.3515,75.1387,Clear,258,43.6,0,16.46,Low,13.75,Low
1610,2025-04-11,12:00,Friday,No,Airport Road,15.3705,75.096,Clear,443,43.1,0,23.38,Low,19.43,Low
1611,2025-01-29,02:00,Wednesday,No,Gokul Road,15.3652,75.1106,Clear,541,41.5,0,27.9,Low,23.16,Low
1612,2025-02-11,23:00,Tuesday,No,Keshwapur,15.3565,75.1325,Clear,376,49.9,0,16.67,Low,13.76,Low
1613,2025-02-26,05:00,Wednesday,No,Gokul Road,15.3652,75.1106,Rain,669,34.2,0,37.11,Moderate,30.88,Low
1614,2025-04-15,18:00,Tuesday,No,MG Road Junction,15.3647,75.1239,Clear,1055,35.4,0,50.13,Moderate,41.5,Medium
1615,2025-04-13,13:00,Sunday,Yes,Unkal Lake Road,15.373,75.1115,Cloudy,313,44.1,0,18.11,Low,15.09,Low
1616,2025-01-25,09:00,Saturday,Yes,Old Bus Stand,15.3502,75.138,Cloudy,790,36.2,3,50.16,Moderate,58.32,Medium
1617,2025-02-22,08:00,Saturday,Yes,Old Bus Stand,15.3502,75.138,Rain,937,31.9,0,48.14,Moderate,39.96,Medium
1618,2025-02-21,23:00,Friday,No,Vidya Nagar,15.37,75.119,Clear,440,40.5,0,24.93,Low,20.76,Low
1619,2025-02-11,09:00,Tuesday,No,Gokul Road,15.3652,75.1106,Fog,1002,26.4,0,53.96,Moderate,44.86,Medium
1620,2025-03-01,19:00,Saturday,Yes,Keshwapur,15.3565,75.1325,Cloudy,904,40.6,0,41.43,Moderate,34.25,Low
1621,2025-01-24,19:00,Friday,No,MG Road Junction,15.3647,75.1239,Fog,1188,22.2,1,66.61,High,60.92,High
1622,2025-04-10,06:00,Thursday,No,Hubballi Railway Station,15.3515,75.1387,Rain,567,37.0,0,31.69,Low,26.38,Low
1623,2025-02-21,21:00,Friday,No,Airport Road,15.3705,75.096,Clear,703,28.7,0,41.83,Moderate,34.87,Low
1624,2025-03-28,20:00,Friday,No,Hubballi Railway Station,15.3515,75.1387,Clear,1221,31.0,1,62.18,High,57.08,Medium
1625,2025-02-11,04:00,Tuesday,No,Keshwapur,15.3565,75.1325,Clear,465,39.8,0,26.27,Low,21.87,Low
1626,2025-01-12,13:00,Sunday,Yes,MG Road Junction,15.3647,75.1239,Clear,348,43.8,1,22.88,Low,24.6,Low
1627,2025-02-20,19:00,Thursday,No,Vidya Nagar,15.37,75.119,Clear,781,36.6,1,42.92,Moderate,41.18,Medium
1628,2025-03-20,15:00,Thursday,No,Gokul Road,15.3652,75.1106,Clear,510,41.8,0,26.6,Low,22.09,Low
1629,2025-01-21,03:00,Tuesday,No,MG Road Junction,15.3647,75.1239,Clear,390,41.3,0,22.64,Low,18.86,Low
1630,2025-02-22,17:00,Saturday,Yes,Old Bus Stand,15.3502,75.138,Clear,981,36.5,0,46.79,Moderate,38.74,Medium
1631,2025-01-31,10:00,Friday,No,Airport Road,15.3705,75.096,Clear,574,33.5,0,34.17,Low,28.49,Low
1632,2025-04-04,07:00,Friday,No,Hubballi Railway Station,15.3515,75.1387,Clear,1201,32.4,0,57.25,Moderate,47.4,Medium
1633,2025-02-13,08:00,Thursday,No,Airport Road,15.3705,75.096,Clear,647,35.6,0,35.44,Moderate,29.48,Low
1634,2025-04-18,03:00,Friday,No,Airport Road,15.3705,75.096,Clear,233,49.6,1,15.09,Low,18.08,Low
1635,2025-02-08,05:00,Saturday,Yes,Keshwapur,15.3565,75.1325,Clear,376,39.2,0,23.47,Low,19.6,Low
1636,2025-04-13,00:00,Sunday,Yes,Keshwapur,15.3565,75.1325,Clear,227,49.0,0,11.92,Low,9.9,Low
1637,2025-02-06,21:00,Thursday,No,Gokul Road,15.3652,75.1106,Rain,1122,28.0,1,60.56,High,55.83,Medium
1638,2025-04-25,16:00,Friday,No,Keshwapur,15.3565,75.1325,Clear,375,35.7,1,29.0,Low,29.81,Low
1639,2025-01-01,21:00,Wednesday,No,Keshwapur,15.3565,75.1325,Clear,1073,30.2,0,54.08,Moderate,44.86,Medium
1640,2025-01-20,17:00,Monday,No,MG Road Junction,15.3647,75.1239,Clear,1113,36.6,0,51.43,Moderate,42.54,Medium
1641,2025-04-05,01:00,Saturday,Yes,Old Bus Stand,15.3502,75.138,Rain,332,41.7,0,20.31,Low,16.95,Low
1642,2025-04-09,01:00,Wednesday,No,Vidya Nagar,15.37,75.119,Rain,455,31.7,1,34.4,Low,34.33,Low
1643,2025-01-30,07:00,Thursday,No,Gokul Road,15.3652,75.1106,Rain,1161,33.8,1,58.26,Moderate,53.8,Medium
1644,2025-01-29,14:00,Wednesday,No,MG Road Junction,15.3647,75.1239,Cloudy,710,38.4,0,35.9,Moderate,29.79,Low
1645,2025-01-12,20:00,Sunday,Yes,Vidya Nagar,15.37,75.119,Clear,662,42.7,0,31.45,Low,26.04,Low
1646,2025-01-30,19:00,Thursday,No,Airport Road,15.3705,75.096,Clear,611,35.0,0,34.53,Low,28.75,Low
1647,2025-02-01,18:00,Saturday,Yes,MG Road Junction,15.3647,75.1239,Clear,1010,32.7,0,50.24,Moderate,41.66,Medium
1648,2025-02-22,02:00,Saturday,Yes,Unkal Lake Road,15.373,75.1115,Rain,483,38.2,0,27.93,Low,23.27,Low
1649,2025-02-09,11:00,Sunday,Yes,MG Road Junction,15.3647,75.1239,Cloudy,599,38.8,0,31.69,Low,26.33,Low
1650,2025-04-12,04:00,Saturday,Yes,Keshwapur,15.3565,75.1325,Cloudy,389,31.1,0,29.09,Low,24.4,Low
1651,2025-04-15,11:00,Tuesday,No,Vidya Nagar,15.37,75.119,Clear,344,42.7,1,23.44,Low,25.09,Low
1652,2025-02-12,22:00,Wednesday,No,Gokul Road,15.3652,75.1106,Rain,663,26.3,0,41.93,Moderate,35.02,Medium
1653,2025-01-02,04:00,Thursday,No,Gokul Road,15.3652,75.1106,Clear,517,36.8,0,30.03,Low,25.02,Low
1654,2025-02-07,18:00,Friday,No,Vidya Nagar,15.37,75.119,Clear,788,31.9,0,42.82,Moderate,35.61,Medium
1655,2025-03-30,14:00,Sunday,Yes,Keshwapur,15.3565,75.1325,Clear,377,47.5,1,21.56,Low,23.43,Low
1656,2025-04-15,10:00,Tuesday,No,Hubballi Railway Station,15.3515,75.1387,Cloudy,962,41.0,0,43.24,Moderate,35.73,Medium
1657,2025-01-24,17:00,Friday,No,MG Road Junction,15.3647,75.1239,Clear,1204,33.3,0,56.78,Moderate,47.0,Medium
1658,2025-03-25,14:00,Tuesday,No,Keshwapur,15.3565,75.1325,Rain,634,33.6,0,36.25,Moderate,30.19,Low
1659,2025-03-02,13:00,Sunday,Yes,Unkal Lake Road,15.373,75.1115,Clear,176,45.8,0,12.14,Low,10.16,Low
1660,2025-01-31,17:00,Friday,No,Old Bus Stand,15.3502,75.138,Cloudy,864,41.0,0,39.75,Moderate,32.87,Low
1661,2025-01-22,11:00,Wednesday,No,Airport Road,15.3705,75.096,Clear,329,35.7,1,27.36,Low,28.47,Low
1662,2025-03-25,08:00,Tuesday,No,Vidya Nagar,15.37,75.119,Clear,814,32.8,1,46.51,Moderate,44.21,Medium
1663,2025-04-12,20:00,Saturday,Yes,Old Bus Stand,15.3502,75.138,Rain,1027,33.3,2,57.13,Moderate,58.49,Medium
1664,2025-01-02,14:00,Thursday,No,MG Road Junction,15.3647,75.1239,Cloudy,594,44.9,0,27.63,Low,22.85,Low
1665,2025-02-06,22:00,Thursday,No,Gokul Road,15.3652,75.1106,Cloudy,672,41.4,1,35.97,Moderate,35.38,Medium
1666,2025-04-29,12:00,Tuesday,No,Airport Road,15.3705,75.096,Rain,412,33.3,2,35.18,Moderate,40.53,Medium
1667,2025-04-02,20:00,Wednesday,No,Old Bus Stand,15.3502,75.138,Cloudy,952,39.3,1,47.3,Moderate,44.7,Medium
1668,2025-02-15,18:00,Saturday,Yes,Hubballi Railway Station,15.3515,75.1387,Clear,678,44.4,0,30.94,Low,25.58,Low
1669,2025-03-17,23:00,Monday,No,Old Bus Stand,15.3502,75.138,Cloudy,591,43.0,0,28.73,Low,23.8,Low
1670,2025-03-13,06:00,Thursday,No,Unkal Lake Road,15.373,75.1115,Clear,371,33.1,0,27.18,Low,22.78,Low
1671,2025-02-10,13:00,Monday,No,Gokul Road,15.3652,75.1106,Clear,219,45.6,0,13.8,Low,11.52,Low
1672,2025-03-07,02:00,Friday,No,Vidya Nagar,15.37,75.119,Clear,429,44.6,0,21.93,Low,18.2,Low
1673,2025-04-27,11:00,Sunday,Yes,MG Road Junction,15.3647,75.1239,Cloudy,443,40.0,0,25.36,Low,21.12,Low
1674,2025-02-11,04:00,Tuesday,No,Vidya Nagar,15.37,75.119,Cloudy,388,43.6,1,24.44,Low,25.88,Low
1675,2025-01-01,20:00,Wednesday,No,Airport Road,15.3705,75.096,Clear,741,36.1,0,38.47,Moderate,31.95,Low
1676,2025-04-08,22:00,Tuesday,No,MG Road Junction,15.3647,75.1239,Cloudy,335,40.1,0,21.44,Low,17.91,Low
1677,2025-02-06,04:00,Thursday,No,Keshwapur,15.3565,75.1325,Rain,783,38.6,2,45.05,Moderate,48.48,Medium
1678,2025-01-04,11:00,Saturday,Yes,Hubballi Railway Station,15.3515,75.1387,Clear,440,43.0,1,26.67,Low,27.73,Low
1679,2025-03-12,02:00,Wednesday,No,Keshwapur,15.3565,75.1325,Clear,219,40.7,0,16.92,Low,14.2,Low
1680,2025-03-24,08:00,Monday,No,Keshwapur,15.3565,75.1325,Cloudy,899,30.5,1,51.01,Moderate,47.95,Medium
1681,2025-02-28,18:00,Friday,No,Vidya Nagar,15.37,75.119,Clear,903,32.5,0,46.55,Moderate,38.64,Medium
1682,2025-03-05,18:00,Wednesday,No,Airport Road,15.3705,75.096,Cloudy,604,36.5,0,33.33,Low,27.73,Low
1683,2025-01-24,17:00,Friday,No,Hubballi Railway Station,15.3515,75.1387,Clear,1121,33.6,0,53.63,Moderate,44.41,Medium
1684,2025-02-08,21:00,Saturday,Yes,Old Bus Stand,15.3502,75.138,Clear,1036,36.1,0,49.0,Moderate,40.56,Medium
1685,2025-03-24,12:00,Monday,No,MG Road Junction,15.3647,75.1239,Cloudy,421,44.3,0,21.84,Low,18.13,Low
1686,2025-03-19,07:00,Wednesday,No,MG Road Junction,15.3647,75.1239,Cloudy,1099,30.3,0,54.94,Moderate,45.57,Medium
1687,2025-02-03,00:00,Monday,No,Unkal Lake Road,15.373,75.1115,Rain,511,39.9,1,31.18,Low,31.49,Low
1688,2025-02-02,23:00,Sunday,Yes,Gokul Road,15.3652,75.1106,Rain,621,39.6,0,31.96,Low,26.53,Low
1689,2025-03-17,09:00,Monday,No,Unkal Lake Road,15.373,75.1115,Cloudy,726,37.3,1,40.51,Moderate,39.19,Medium
1690,2025-02-23,22:00,Sunday,Yes,Old Bus Stand,15.3502,75.138,Cloudy,229,40.8,0,17.21,Low,14.43,Low
1691,2025-04-16,19:00,Wednesday,No,Unkal Lake Road,15.373,75.1115,Clear,875,36.7,0,42.88,Moderate,35.53,Medium
1692,2025-04-04,23:00,Friday,No,MG Road Junction,15.3647,75.1239,Clear,367,51.7,1,18.53,Low,20.85,Low
1693,2025-03-08,23:00,Saturday,Yes,Vidya Nagar,15.37,75.119,Clear,528,36.7,1,33.82,Low,33.73,Low
1694,2025-02-15,03:00,Saturday,Yes,Keshwapur,15.3565,75.1325,Rain,544,33.6,0,33.03,Low,27.56,Low
1695,2025-04-14,05:00,Monday,No,Airport Road,15.3705,75.096,Clear,279,44.5,0,16.64,Low,13.87,Low
1696,2025-02-11,00:00,Tuesday,No,Keshwapur,15.3565,75.1325,Cloudy,594,42.2,0,29.35,Low,24.33,Low
1697,2025-03-12,00:00,Wednesday,No,Keshwapur,15.3565,75.1325,Clear,449,34.1,0,29.33,Low,24.51,Low
1698,2025-01-22,15:00,Wednesday,No,Hubballi Railway Station,15.3515,75.1387,Cloudy,463,47.1,1,24.89,Low,26.16,Low
1699,2025-01-25,14:00,Saturday,Yes,MG Road Junction,15.3647,75.1239,Rain,422,42.5,0,23.02,Low,19.14,Low
1700,2025-02-13,18:00,Thursday,No,Old Bus Stand,15.3502,75.138,Clear,762,36.1,0,39.22,Moderate,32.56,Low
1701,2025-03-13,05:00,Thursday,No,Old Bus Stand,15.3502,75.138,Rain,691,44.6,0,31.28,Low,25.85,Low
1702,2025-03-26,19:00,Wednesday,No,Airport Road,15.3705,75.096,Clear,554,45.5,0,25.82,Low,21.36,Low
1703,2025-04-04,14:00,Friday,No,Vidya Nagar,15.37,75.119,Clear,312,48.5,0,15.27,Low,12.66,Low
1704,2025-04-12,10:00,Saturday,Yes,Hubballi Railway Station,15.3515,75.1387,Rain,954,35.0,0,46.78,Moderate,38.77,Medium
1705,2025-01-15,12:00,Wednesday,No,Gokul Road,15.3652,75.1106,Clear,404,47.2,0,19.38,Low,16.05,Low
1706,2025-02-09,23:00,Sunday,Yes,Vidya Nagar,15.37,75.119,Fog,334,35.5,0,24.33,Low,20.39,Low
1707,2025-03-23,19:00,Sunday,Yes,Unkal Lake Road,15.373,75.1115,Clear,478,41.1,0,25.91,Low,21.54,Low
1708,2025-01-29,20:00,Wednesday,No,Vidya Nagar,15.37,75.119,Clear,814,33.4,0,42.8,Moderate,35.55,Medium
1709,2025-03-06,23:00,Thursday,No,Vidya Nagar,15.37,75.119,Rain,544,33.4,1,36.49,Moderate,36.0,Medium
1710,2025-01-16,17:00,Thursday,No,Keshwapur,15.3565,75.1325,Clear,826,35.7,1,45.1,Moderate,42.98,Medium
1711,2025-01-22,22:00,Wednesday,No,Vidya Nagar,15.37,75.119,Fog,602,32.2,0,36.0,Moderate,30.02,Low
1712,2025-04-26,21:00,Saturday,Yes,Old Bus Stand,15.3502,75.138,Fog,711,36.9,0,36.89,Moderate,30.64,Low
1713,2025-04-04,21:00,Friday,No,Unkal Lake Road,15.373,75.1115,Clear,926,27.2,1,54.07,Moderate,50.54,Medium
1714,2025-04-15,06:00,Tuesday,No,Unkal Lake Road,15.373,75.1115,Clear,351,48.7,0,16.54,Low,13.69,Low
1715,2025-02-22,11:00,Saturday,Yes,MG Road Junction,15.3647,75.1239,Clear,169,41.7,0,14.5,Low,12.19,Low
1716,2025-03-20,03:00,Thursday,No,Vidya Nagar,15.37,75.119,Clear,272,44.0,0,16.71,Low,13.94,Low
1717,2025-03-15,11:00,Saturday,Yes,Keshwapur,15.3565,75.1325,Clear,374,40.1,0,22.83,Low,19.05,Low
1718,2025-01-22,16:00,Wednesday,No,Vidya Nagar,15.37,75.119,Clear,526,48.4,0,22.97,Low,18.96,Low
1719,2025-03-12,21:00,Wednesday,No,Gokul Road,15.3652,75.1106,Clear,1239,29.5,1,63.78,High,58.42,Medium
1720,2025-02-12,08:00,Wednesday,No,Gokul Road,15.3652,75.1106,Clear,963,37.2,0,45.7,Moderate,37.83,Medium
1721,2025-04-26,13:00,Saturday,Yes,Keshwapur,15.3565,75.1325,Fog,198,39.7,0,16.8,Low,14.13,Low
1722,2025-02-12,05:00,Wednesday,No,MG Road Junction,15.3647,75.1239,Rain,679,29.3,2,47.26,Moderate,50.51,Medium
1723,2025-04-17,04:00,Thursday,No,MG Road Junction,15.3647,75.1239,Cloudy,394,42.4,0,22.08,Low,18.38,Low
1724,2025-01-05,20:00,Sunday,Yes,Unkal Lake Road,15.373,75.1115,Clear,649,44.2,0,30.04,Low,24.84,Low
1725,2025-04-12,09:00,Saturday,Yes,Unkal Lake Road,15.373,75.1115,Rain,595,31.6,1,39.46,Moderate,38.47,Medium
1726,2025-02-26,23:00,Wednesday,No,Hubballi Railway Station,15.3515,75.1387,Clear,196,48.7,0,11.0,Low,9.16,Low
1727,2025-01-25,07:00,Saturday,Yes,Keshwapur,15.3565,75.1325,Cloudy,873,35.0,1,47.22,Moderate,44.74,Medium
1728,2025-01-17,10:00,Friday,No,Vidya Nagar,15.37,75.119,Fog,784,34.2,2,47.88,Moderate,50.91,Medium
1729,2025-02-15,07:00,Saturday,Yes,Airport Road,15.3705,75.096,Clear,531,47.9,0,23.47,Low,19.38,Low
1730,2025-04-26,08:00,Saturday,Yes,Keshwapur,15.3565,75.1325,Cloudy,832,28.9,0,46.3,Moderate,38.53,Medium
1731,2025-01-03,23:00,Friday,No,Hubballi Railway Station,15.3515,75.1387,Rain,884,25.9,1,53.4,Moderate,50.02,Medium
1732,2025-01-12,09:00,Sunday,Yes,Unkal Lake Road,15.373,75.1115,Rain,772,31.0,0,42.83,Moderate,35.63,Medium
1733,2025-03-25,21:00,Tuesday,No,Keshwapur,15.3565,75.1325,Cloudy,963,41.0,0,43.28,Moderate,35.76,Medium
1734,2025-02-25,23:00,Tuesday,No,Keshwapur,15.3565,75.1325,Clear,510,43.3,1,28.98,Low,29.61,Low
1735,2025-01-15,01:00,Wednesday,No,Unkal Lake Road,15.373,75.1115,Clear,338,38.5,0,22.56,Low,18.87,Low
1736,2025-02-27,21:00,Thursday,No,Old Bus Stand,15.3502,75.138,Clear,1031,37.0,2,54.92,Moderate,56.59,Medium
1737,2025-01-26,06:00,Sunday,Yes,Hubballi Railway Station,15.3515,75.1387,Cloudy,407,38.9,0,24.77,Low,20.67,Low
1738,2025-01-07,21:00,Tuesday,No,Unkal Lake Road,15.373,75.1115,Clear,695,42.2,0,32.95,Low,27.28,Low
1739,2025-03-07,07:00,Friday,No,MG Road Junction,15.3647,75.1239,Rain,1158,29.7,0,57.43,Moderate,47.62,Medium
1740,2025-03-27,18:00,Thursday,No,Vidya Nagar,15.37,75.119,Clear,898,32.4,0,46.43,Moderate,38.55,Medium
1741,2025-02-25,04:00,Tuesday,No,Unkal Lake Road,15.373,75.1115,Clear,424,42.1,0,23.34,Low,19.42,Low
1742,2025-01-31,08:00,Friday,No,Hubballi Railway Station,15.3515,75.1387,Clear,1053,38.9,0,47.83,Moderate,39.53,Medium
1743,2025-04-29,16:00,Tuesday,No,Gokul Road,15.3652,75.1106,Cloudy,290,36.6,0,22.06,Low,18.5,Low
1744,2025-03-27,03:00,Thursday,No,MG Road Junction,15.3647,75.1239,Clear,701,39.9,0,34.63,Low,28.71,Low
1745,2025-01-05,05:00,Sunday,Yes,Gokul Road,15.3652,75.1106,Clear,525,36.6,0,30.45,Low,25.37,Low
1746,2025-02-28,23:00,Friday,No,Airport Road,15.3705,75.096,Clear,328,43.6,0,18.96,Low,15.8,Low
1747,2025-02-02,10:00,Sunday,Yes,Unkal Lake Road,15.373,75.1115,Clear,624,41.5,1,34.2,Low,33.92,Low
1748,2025-01-09,21:00,Thursday,No,MG Road Junction,15.3647,75.1239,Clear,1060,41.9,0,46.17,Moderate,38.1,Medium
1749,2025-02-16,07:00,Sunday,Yes,Vidya Nagar,15.37,75.119,Rain,840,31.7,1,48.14,Moderate,45.57,Medium
1750,2025-03-07,16:00,Friday,No,Unkal Lake Road,15.373,75.1115,Clear,282,50.1,1,16.52,Low,19.24,Low
1751,2025-04-13,00:00,Sunday,Yes,Vidya Nagar,15.37,75.119,Clear,473,38.3,0,27.51,Low,22.92,Low
1752,2025-04-20,19:00,Sunday,Yes,Old Bus Stand,15.3502,75.138,Rain,1019,27.4,0,53.93,Moderate,44.81,Medium
1753,2025-03-12,15:00,Wednesday,No,Keshwapur,15.3565,75.1325,Fog,544,35.1,0,32.08,Low,26.74,Low
1754,2025-01-25,15:00,Saturday,Yes,Gokul Road,15.3652,75.1106,Cloudy,354,44.1,1,22.9,Low,24.62,Low
1755,2025-02-25,13:00,Tuesday,No,MG Road Junction,15.3647,75.1239,Clear,306,42.6,0,18.81,Low,15.7,Low
1756,2025-02-16,05:00,Sunday,Yes,Vidya Nagar,15.37,75.119,Rain,539,34.4,1,35.68,Moderate,35.31,Medium
1757,2025-03-31,03:00,Monday,No,Hubballi Railway Station,15.3515,75.1387,Fog,298,41.4,2,25.96,Low,32.79,Low
1758,2025-04-24,08:00,Thursday,No,Vidya Nagar,15.37,75.119,Cloudy,915,34.6,3,55.64,Moderate,62.85,High
1759,2025-01-30,17:00,Thursday,No,Hubballi Railway Station,15.3515,75.1387,Clear,935,31.4,0,48.39,Moderate,40.18,Medium
1760,2025-02-08,23:00,Saturday,Yes,Unkal Lake Road,15.373,75.1115,Cloudy,119,43.0,0,11.88,Low,10.02,Low
1761,2025-03-23,07:00,Sunday,Yes,MG Road Junction,15.3647,75.1239,Cloudy,807,39.9,2,45.08,Moderate,48.47,Medium
1762,2025-01-11,01:00,Saturday,Yes,Vidya Nagar,15.37,75.119,Clear,454,51.0,0,18.75,Low,15.44,Low
1763,2025-03-27,03:00,Thursday,No,Airport Road,15.3705,75.096,Clear,243,42.7,0,16.5,Low,13.81,Low
1764,2025-01-01,01:00,Wednesday,No,Vidya Nagar,15.37,75.119,Rain,712,42.1,0,33.62,Low,27.83,Low
1765,2025-04-05,16:00,Saturday,Yes,Old Bus Stand,15.3502,75.138,Cloudy,471,41.7,0,25.27,Low,21.01,Low
1766,2025-04-29,16:00,Tuesday,No,Airport Road,15.3705,75.096,Clear,353,42.2,0,20.74,Low,17.29,Low
1767,2025-03-15,16:00,Saturday,Yes,MG Road Junction,15.3647,75.1239,Cloudy,339,39.8,0,21.77,Low,18.19,Low
1768,2025-03-23,05:00,Sunday,Yes,Old Bus Stand,15.3502,75.138,Clear,328,42.8,1,22.8,Low,24.57,Low
1769,2025-04-20,20:00,Sunday,Yes,Vidya Nagar,15.37,75.119,Clear,717,35.4,1,41.4,Moderate,39.96,Medium
1770,2025-04-01,03:00,Tuesday,No,Hubballi Railway Station,15.3515,75.1387,Cloudy,616,36.4,0,33.82,Low,28.13,Low
1771,2025-02-08,05:00,Saturday,Yes,Vidya Nagar,15.37,75.119,Clear,246,38.1,0,19.53,Low,16.4,Low
1772,2025-04-04,09:00,Friday,No,Gokul Road,15.3652,75.1106,Clear,835,43.9,0,36.87,Moderate,30.44,Low
1773,2025-01-04,17:00,Saturday,Yes,Unkal Lake Road,15.373,75.1115,Fog,585,36.5,1,35.99,Moderate,35.51,Medium
1774,2025-03-13,05:00,Thursday,No,Keshwapur,15.3565,75.1325,Clear,631,40.7,0,31.62,Low,26.23,Low
1775,2025-04-01,09:00,Tuesday,No,Hubballi Railway Station,15.3515,75.1387,Clear,816,36.5,0,40.9,Moderate,33.92,Low
1776,2025-01-06,22:00,Monday,No,Gokul Road,15.3652,75.1106,Fog,628,31.6,0,37.3,Moderate,31.1,Low
1777,2025-01-05,09:00,Sunday,Yes,Airport Road,15.3705,75.096,Cloudy,531,37.8,1,33.23,Low,33.22,Low
1778,2025-02-06,22:00,Thursday,No,Unkal Lake Road,15.373,75.1115,Cloudy,193,40.9,1,19.19,Low,21.66,Low
1779,2025-01-18,19:00,Saturday,Yes,MG Road Junction,15.3647,75.1239,Rain,903,33.8,0,45.72,Moderate,37.93,Medium
1780,2025-02-25,08:00,Tuesday,No,Hubballi Railway Station,15.3515,75.1387,Clear,1077,32.6,0,52.69,Moderate,43.67,Medium
1781,2025-03-20,23:00,Thursday,No,Keshwapur,15.3565,75.1325,Cloudy,684,40.2,0,33.83,Low,28.05,Low
1782,2025-03-25,02:00,Tuesday,No,Unkal Lake Road,15.373,75.1115,Clear,228,38.3,0,18.76,Low,15.77,Low
1783,2025-01-14,04:00,Tuesday,No,Airport Road,15.3705,75.096,Rain,183,39.3,0,16.52,Low,13.91,Low
1784,2025-03-24,18:00,Monday,No,Old Bus Stand,15.3502,75.138,Clear,842,32.2,0,44.56,Moderate,37.02,Medium
1785,2025-01-27,10:00,Monday,No,Old Bus Stand,15.3502,75.138,Cloudy,1131,34.9,0,53.16,Moderate,43.99,Medium
1786,2025-03-22,05:00,Saturday,Yes,Keshwapur,15.3565,75.1325,Clear,118,50.4,0,7.14,Low,5.95,Low
1787,2025-03-27,16:00,Thursday,No,MG Road Junction,15.3647,75.1239,Clear,741,44.0,0,33.45,Low,27.64,Low
1788,2025-04-28,13:00,Monday,No,MG Road Junction,15.3647,75.1239,Cloudy,699,36.2,0,36.91,Moderate,30.67,Low
1789,2025-04-05,14:00,Saturday,Yes,Airport Road,15.3705,75.096,Cloudy,282,39.7,0,19.8,Low,16.58,Low
1790,2025-03-01,23:00,Saturday,Yes,Hubballi Railway Station,15.3515,75.1387,Cloudy,297,42.4,0,18.62,Low,15.55,Low
1791,2025-01-24,00:00,Friday,No,Airport Road,15.3705,75.096,Clear,343,40.6,0,21.41,Low,17.87,Low
1792,2025-01-30,19:00,Thursday,No,Vidya Nagar,15.37,75.119,Clear,926,37.4,0,44.25,Moderate,36.64,Medium
1793,2025-02-23,15:00,Sunday,Yes,MG Road Junction,15.3647,75.1239,Cloudy,472,36.1,0,28.87,Low,24.09,Low
1794,2025-03-13,09:00,Thursday,No,Unkal Lake Road,15.373,75.1115,Rain,1043,22.1,2,64.83,High,65.07,High
1795,2025-03-20,11:00,Thursday,No,Vidya Nagar,15.37,75.119,Cloudy,375,41.6,0,21.91,Low,18.26,Low
1796,2025-02-16,03:00,Sunday,Yes,Old Bus Stand,15.3502,75.138,Rain,316,41.7,1,23.08,Low,24.82,Low
1797,2025-02-25,21:00,Tuesday,No,Old Bus Stand,15.3502,75.138,Rain,939,26.4,0,51.71,Moderate,43.02,Medium
1798,2025-01-05,14:00,Sunday,Yes,Gokul Road,15.3652,75.1106,Cloudy,140,49.5,0,8.5,Low,7.09,Low
1799,2025-01-11,10:00,Saturday,Yes,Keshwapur,15.3565,75.1325,Cloudy,728,39.8,0,35.66,Moderate,29.55,Low
1800,2025-04-12,06:00,Saturday,Yes,Vidya Nagar,15.37,75.119,Rain,408,43.7,0,21.75,Low,18.08,Low
1801,2025-03-27,14:00,Thursday,No,Keshwapur,15.3565,75.1325,Cloudy,454,38.7,0,26.58,Low,22.15,Low
1802,2025-01-20,02:00,Monday,No,Airport Road,15.3705,75.096,Rain,405,31.2,0,29.6,Low,24.81,Low
1803,2025-02-16,03:00,Sunday,Yes,Vidya Nagar,15.37,75.119,Cloudy,186,47.9,0,11.16,Low,9.3,Low
1804,2025-01-09,15:00,Thursday,No,Airport Road,15.3705,75.096,Cloudy,397,43.8,1,24.63,Low,26.04,Low
1805,2025-02-07,11:00,Friday,No,Gokul Road,15.3652,75.1106,Clear,136,47.0,0,9.94,Low,8.34,Low
1806,2025-01-01,21:00,Wednesday,No,MG Road Junction,15.3647,75.1239,Clear,973,30.8,0,50.13,Moderate,41.61,Medium
1807,2025-01-18,01:00,Saturday,Yes,Old Bus Stand,15.3502,75.138,Fog,490,36.6,0,29.2,Low,24.35,Low
1808,2025-02-07,06:00,Friday,No,Gokul Road,15.3652,75.1106,Cloudy,350,40.8,0,21.53,Low,17.97,Low
1809,2025-01-22,10:00,Wednesday,No,Old Bus Stand,15.3502,75.138,Cloudy,1027,35.1,0,49.32,Moderate,40.84,Medium
1810,2025-02-03,16:00,Monday,No,MG Road Junction,15.3647,75.1239,Rain,518,34.3,0,31.66,Low,26.42,Low
1811,2025-02-06,09:00,Thursday,No,Airport Road,15.3705,75.096,Cloudy,631,41.0,0,31.43,Low,26.06,Low
1812,2025-01-01,13:00,Wednesday,No,MG Road Junction,15.3647,75.1239,Clear,603,35.2,0,34.12,Low,28.41,Low
1813,2025-02-10,10:00,Monday,No,Old Bus Stand,15.3502,75.138,Cloudy,793,39.4,1,41.56,Moderate,40.0,Medium
1814,2025-03-30,22:00,Sunday,Yes,Old Bus Stand,15.3502,75.138,Cloudy,484,44.2,0,24.15,Low,20.02,Low
1815,2025-03-07,00:00,Friday,No,Keshwapur,15.3565,75.1325,Clear,456,42.4,2,30.96,Low,36.86,Medium
1816,2025-02-25,04:00,Tuesday,No,Unkal Lake Road,15.373,75.1115,Clear,503,47.9,1,25.8,Low,26.89,Low
1817,2025-02-22,18:00,Saturday,Yes,Gokul Road,15.3652,75.1106,Clear,806,38.1,1,42.85,Moderate,41.09,Medium
1818,2025-04-01,09:00,Tuesday,No,Vidya Nagar,15.37,75.119,Clear,685,42.5,1,35.74,Moderate,35.15,Medium
1819,2025-02-01,05:00,Saturday,Yes,Old Bus Stand,15.3502,75.138,Clear,622,40.1,0,31.68,Low,26.29,Low
1820,2025-01-29,12:00,Wednesday,No,Gokul Road,15.3652,75.1106,Clear,338,46.8,0,17.28,Low,14.34,Low
1821,2025-03-22,07:00,Saturday,Yes,Keshwapur,15.3565,75.1325,Clear,672,32.9,0,38.05,Moderate,31.68,Low
1822,2025-04-09,04:00,Wednesday,No,MG Road Junction,15.3647,75.1239,Clear,661,39.3,0,33.58,Low,27.87,Low
1823,2025-01-29,22:00,Wednesday,No,Keshwapur,15.3565,75.1325,Clear,206,40.7,0,16.45,Low,13.82,Low
1824,2025-04-08,07:00,Tuesday,No,Hubballi Railway Station,15.3515,75.1387,Cloudy,1196,32.6,0,56.94,Moderate,47.14,Medium
1825,2025-01-13,18:00,Monday,No,Hubballi Railway Station,15.3515,75.1387,Rain,1000,31.2,1,54.17,Moderate,50.52,Medium
1826,2025-03-24,21:00,Monday,No,Vidya Nagar,15.37,75.119,Cloudy,802,40.5,0,37.85,Moderate,31.33,Low
1827,2025-01-28,13:00,Tuesday,No,Keshwapur,15.3565,75.1325,Clear,488,43.5,0,24.74,Low,20.52,Low
1828,2025-01-23,20:00,Thursday,No,Airport Road,15.3705,75.096,Clear,708,37.2,0,36.6,Moderate,30.38,Low
1829,2025-01-13,23:00,Monday,No,Vidya Nagar,15.37,75.119,Clear,497,38.4,0,28.3,Low,23.57,Low
1830,2025-02-15,02:00,Saturday,Yes,Airport Road,15.3705,75.096,Clear,107,37.2,0,15.15,Low,12.83,Low
1831,2025-03-14,09:00,Friday,No,Vidya Nagar,15.37,75.119,Clear,895,36.3,0,43.84,Moderate,36.34,Medium
1832,2025-02-01,10:00,Saturday,Yes,Hubballi Railway Station,15.3515,75.1387,Clear,888,40.7,0,40.79,Moderate,33.73,Low
1833,2025-01-02,10:00,Thursday,No,Vidya Nagar,15.37,75.119,Clear,930,36.0,0,45.28,Moderate,37.52,Medium
1834,2025-01-19,12:00,Sunday,Yes,Hubballi Railway Station,15.3515,75.1387,Rain,279,38.9,1,23.54,Low,25.26,Low
1835,2025-03-31,04:00,Monday,No,Old Bus Stand,15.3502,75.138,Clear,280,44.8,0,16.48,Low,13.74,Low
1836,2025-03-24,14:00,Monday,No,MG Road Junction,15.3647,75.1239,Clear,466,40.2,0,26.05,Low,21.68,Low
1837,2025-02-21,06:00,Friday,No,Airport Road,15.3705,75.096,Rain,325,39.4,2,28.19,Low,34.67,Low
1838,2025-01-15,16:00,Wednesday,No,Keshwapur,15.3565,75.1325,Clear,215,43.5,0,14.99,Low,12.55,Low
1839,2025-02-07,14:00,Friday,No,Old Bus Stand,15.3502,75.138,Clear,432,38.6,0,25.85,Low,21.56,Low
1840,2025-02-26,11:00,Wednesday,No,Old Bus Stand,15.3502,75.138,Cloudy,519,40.8,0,27.56,Low,22.9,Low
1841,2025-03-14,20:00,Friday,No,Vidya Nagar,15.37,75.119,Cloudy,1182,31.9,1,60.22,High,55.45,Medium
1842,2025-01-07,14:00,Tuesday,No,Hubballi Railway Station,15.3515,75.1387,Cloudy,573,47.9,0,24.97,Low,20.61,Low
1843,2025-03-24,09:00,Monday,No,Gokul Road,15.3652,75.1106,Clear,1184,29.0,0,58.8,Moderate,48.76,Medium
1844,2025-02-09,20:00,Sunday,Yes,Airport Road,15.3705,75.096,Clear,551,40.0,0,29.21,Low,24.27,Low
1845,2025-03-28,07:00,Friday,No,Old Bus Stand,15.3502,75.138,Clear,1051,33.0,0,51.51,Moderate,42.69,Medium
1846,2025-01-17,19:00,Friday,No,Vidya Nagar,15.37,75.119,Clear,838,35.0,1,45.97,Moderate,43.71,Medium
1847,2025-04-29,20:00,Tuesday,No,Unkal Lake Road,15.373,75.1115,Rain,1185,29.3,0,58.65,Moderate,48.62,Medium
1848,2025-01-22,11:00,Wednesday,No,MG Road Junction,15.3647,75.1239,Cloudy,415,51.4,0,17.1,Low,14.08,Low
1849,2025-04-26,19:00,Saturday,Yes,MG Road Junction,15.3647,75.1239,Clear,770,36.5,1,42.59,Moderate,40.91,Medium
1850,2025-02-27,19:00,Thursday,No,Gokul Road,15.3652,75.1106,Cloudy,1106,35.3,0,52.01,Moderate,43.04,Medium
1851,2025-04-18,11:00,Friday,No,Hubballi Railway Station,15.3515,75.1387,Clear,525,33.4,1,35.82,Moderate,35.45,Medium
1852,2025-02-09,19:00,Sunday,Yes,Vidya Nagar,15.37,75.119,Rain,737,31.6,2,47.86,Moderate,50.95,Medium
1853,2025-04-02,15:00,Wednesday,No,Airport Road,15.3705,75.096,Clear,431,48.5,0,19.52,Low,16.13,Low
1854,2025-03-13,08:00,Thursday,No,Hubballi Railway Station,15.3515,75.1387,Clear,984,34.7,1,51.37,Moderate,48.14,Medium
1855,2025-01-26,07:00,Sunday,Yes,MG Road Junction,15.3647,75.1239,Clear,800,39.3,0,38.54,Moderate,31.93,Low
1856,2025-04-13,19:00,Sunday,Yes,Hubballi Railway Station,15.3515,75.1387,Cloudy,848,34.2,1,46.84,Moderate,44.44,Medium
1857,2025-02-23,01:00,Sunday,Yes,MG Road Junction,15.3647,75.1239,Cloudy,144,47.1,0,10.17,Low,8.51,Low
1858,2025-03-05,23:00,Wednesday,No,Hubballi Railway Station,15.3515,75.1387,Clear,267,51.0,0,12.07,Low,9.98,Low
1859,2025-04-20,09:00,Sunday,Yes,Gokul Road,15.3652,75.1106,Clear,885,31.6,0,46.48,Moderate,38.61,Medium
1860,2025-04-10,06:00,Thursday,No,Keshwapur,15.3565,75.1325,Clear,362,51.9,0,14.89,Low,12.26,Low
1861,2025-03-02,01:00,Sunday,Yes,Gokul Road,15.3652,75.1106,Clear,350,37.1,0,23.88,Low,19.98,Low
1862,2025-03-16,21:00,Sunday,Yes,Gokul Road,15.3652,75.1106,Rain,1118,26.2,1,61.56,High,56.69,Medium
1863,2025-01-13,06:00,Monday,No,Keshwapur,15.3565,75.1325,Clear,439,38.8,1,29.31,Low,29.99,Low
1864,2025-02-01,10:00,Saturday,Yes,Keshwapur,15.3565,75.1325,Clear,675,37.9,0,34.97,Low,29.04,Low
1865,2025-02-28,02:00,Friday,No,Old Bus Stand,15.3502,75.138,Cloudy,612,36.4,0,33.68,Low,28.02,Low
1866,2025-01-08,17:00,Wednesday,No,Old Bus Stand,15.3502,75.138,Clear,942,31.7,1,51.78,Moderate,48.55,Medium
1867,2025-02-22,21:00,Saturday,Yes,Vidya Nagar,15.37,75.119,Cloudy,808,32.5,0,43.16,Moderate,35.87,Medium
1868,2025-01-27,12:00,Monday,No,Airport Road,15.3705,75.096,Rain,543,38.3,0,30.01,Low,24.97,Low
1869,2025-02-23,19:00,Sunday,Yes,Airport Road,15.3705,75.096,Clear,734,37.3,0,37.46,Moderate,31.09,Low
1870,2025-01-23,01:00,Thursday,No,Vidya Nagar,15.37,75.119,Rain,444,35.1,0,28.51,Low,23.82,Low
1871,2025-03-28,04:00,Friday,No,Gokul Road,15.3652,75.1106,Cloudy,659,40.3,0,32.87,Low,27.26,Low
1872,2025-02-03,01:00,Monday,No,Gokul Road,15.3652,75.1106,Clear,548,34.7,0,32.48,Low,27.08,Low
1873,2025-03-31,11:00,Monday,No,MG Road Junction,15.3647,75.1239,Clear,319,45.0,0,17.75,Low,14.77,Low
1874,2025-04-27,15:00,Sunday,Yes,MG Road Junction,15.3647,75.1239,Clear,100,46.3,0,9.11,Low,7.67,Low
1875,2025-01-20,21:00,Monday,No,Airport Road,15.3705,75.096,Cloudy,635,39.3,1,35.99,Moderate,35.44,Medium
1876,2025-03-09,14:00,Sunday,Yes,Vidya Nagar,15.37,75.119,Cloudy,350,45.4,0,18.6,Low,15.46,Low
1877,2025-02-09,03:00,Sunday,Yes,Unkal Lake Road,15.373,75.1115,Rain,454,43.5,0,23.52,Low,19.53,Low
1878,2025-01-22,21:00,Wednesday,No,Old Bus Stand,15.3502,75.138,Fog,1018,27.7,0,53.71,Moderate,44.62,Medium
1879,2025-04-10,05:00,Thursday,No,Unkal Lake Road,15.373,75.1115,Cloudy,364,42.3,0,21.07,Low,17.56,Low
1880,2025-01-01,01:00,Wednesday,No,Vidya Nagar,15.37,75.119,Cloudy,390,38.1,0,24.67,Low,20.61,Low
1881,2025-01-16,14:00,Thursday,No,MG Road Junction,15.3647,75.1239,Clear,672,29.5,0,40.21,Moderate,33.53,Low
1882,2025-04-08,12:00,Tuesday,No,Airport Road,15.3705,75.096,Clear,197,45.9,0,12.82,Low,10.72,Low
1883,2025-01-24,00:00,Friday,No,Airport Road,15.3705,75.096,Clear,364,38.1,0,23.75,Low,19.85,Low
1884,2025-04-09,13:00,Wednesday,No,MG Road Junction,15.3647,75.1239,Cloudy,394,32.6,0,28.32,Low,23.72,Low
1885,2025-03-05,13:00,Wednesday,No,Unkal Lake Road,15.373,75.1115,Clear,272,43.0,0,17.34,Low,14.49,Low
1886,2025-03-19,03:00,Wednesday,No,Hubballi Railway Station,15.3515,75.1387,Clear,663,40.1,0,33.15,Low,27.49,Low
1887,2025-01-16,20:00,Thursday,No,Hubballi Railway Station,15.3515,75.1387,Clear,904,38.9,0,42.51,Moderate,35.18,Medium
1888,2025-03-10,14:00,Monday,No,MG Road Junction,15.3647,75.1239,Clear,497,45.6,1,27.05,Low,27.97,Low
1889,2025-01-01,13:00,Wednesday,No,Hubballi Railway Station,15.3515,75.1387,Cloudy,775,41.2,0,36.44,Moderate,30.16,Low
1890,2025-01-21,23:00,Tuesday,No,Keshwapur,15.3565,75.1325,Clear,559,44.2,0,26.82,Low,22.21,Low
1891,2025-04-05,22:00,Saturday,Yes,Vidya Nagar,15.37,75.119,Cloudy,263,38.6,0,19.82,Low,16.63,Low
1892,2025-03-25,16:00,Tuesday,No,Vidya Nagar,15.37,75.119,Clear,361,42.6,1,24.11,Low,25.64,Low
1893,2025-01-06,09:00,Monday,No,MG Road Junction,15.3647,75.1239,Cloudy,852,39.0,0,40.59,Moderate,33.61,Low
1894,2025-02-04,21:00,Tuesday,No,Gokul Road,15.3652,75.1106,Clear,1175,32.5,0,56.26,Moderate,46.58,Medium
1895,2025-03-27,00:00,Thursday,No,Old Bus Stand,15.3502,75.138,Clear,628,39.0,0,32.6,Low,27.07,Low
1896,2025-01-02,03:00,Thursday,No,Unkal Lake Road,15.373,75.1115,Cloudy,442,42.2,0,23.92,Low,19.89,Low
1897,2025-03-30,01:00,Sunday,Yes,MG Road Junction,15.3647,75.1239,Clear,523,42.0,0,26.94,Low,22.36,Low
1898,2025-02-22,04:00,Saturday,Yes,Hubballi Railway Station,15.3515,75.1387,Clear,275,44.0,0,16.82,Low,14.03,Low
1899,2025-01-11,20:00,Saturday,Yes,Unkal Lake Road,15.373,75.1115,Clear,443,38.7,0,26.18,Low,21.83,Low
1900,2025-03-27,06:00,Thursday,No,Gokul Road,15.3652,75.1106,Clear,549,33.9,1,36.36,Moderate,35.87,Medium
1901,2025-03-03,08:00,Monday,No,Hubballi Railway Station,15.3515,75.1387,Clear,1117,32.3,0,54.31,Moderate,45.0,Medium
1902,2025-03-02,07:00,Sunday,Yes,Airport Road,15.3705,75.096,Clear,683,39.1,0,34.5,Low,28.62,Low
1903,2025-01-20,03:00,Monday,No,Old Bus Stand,15.3502,75.138,Cloudy,458,42.1,0,24.56,Low,20.41,Low
1904,2025-01-13,12:00,Monday,No,Keshwapur,15.3565,75.1325,Rain,525,39.8,1,31.74,Low,31.96,Low
1905,2025-04-08,06:00,Tuesday,No,Hubballi Railway Station,15.3515,75.1387,Clear,461,46.4,0,21.93,Low,18.15,Low
1906,2025-01-27,05:00,Monday,No,Keshwapur,15.3565,75.1325,Fog,537,32.4,1,36.88,Moderate,36.34,Medium
1907,2025-01-12,05:00,Sunday,Yes,Unkal Lake Road,15.373,75.1115,Clear,258,44.2,0,16.08,Low,13.42,Low
1908,2025-04-20,23:00,Sunday,Yes,Keshwapur,15.3565,75.1325,Cloudy,344,45.7,0,18.2,Low,15.12,Low
1909,2025-03-25,01:00,Tuesday,No,Unkal Lake Road,15.373,75.1115,Cloudy,458,43.6,0,23.6,Low,19.59,Low
1910,2025-03-09,20:00,Sunday,Yes,Unkal Lake Road,15.373,75.1115,Cloudy,541,39.0,1,32.82,Low,32.86,Low
1911,2025-03-17,01:00,Monday,No,Unkal Lake Road,15.373,75.1115,Clear,517,43.7,0,25.64,Low,21.26,Low
1912,2025-02-05,21:00,Wednesday,No,Unkal Lake Road,15.373,75.1115,Clear,846,36.1,0,42.22,Moderate,35.01,Medium
1913,2025-02-23,08:00,Sunday,Yes,Unkal Lake Road,15.373,75.1115,Clear,378,42.5,0,21.45,Low,17.86,Low
1914,2025-04-01,20:00,Tuesday,No,Hubballi Railway Station,15.3515,75.1387,Clear,971,36.8,0,46.24,Moderate,38.28,Medium
1915,2025-03-16,23:00,Sunday,Yes,Unkal Lake Road,15.373,75.1115,Clear,100,45.5,0,9.61,Low,8.1,Low
1916,2025-03-13,02:00,Thursday,No,Hubballi Railway Station,15.3515,75.1387,Clear,467,42.2,1,28.15,Low,28.95,Low
1917,2025-04-17,16:00,Thursday,No,Unkal Lake Road,15.373,75.1115,Clear,316,45.0,0,17.64,Low,14.68,Low
1918,2025-04-09,08:00,Wednesday,No,Keshwapur,15.3565,75.1325,Clear,1009,37.8,0,46.96,Moderate,38.85,Medium
1919,2025-01-24,23:00,Friday,No,Airport Road,15.3705,75.096,Cloudy,252,47.6,0,13.7,Low,11.4,Low
1920,2025-03-25,11:00,Tuesday,No,Unkal Lake Road,15.373,75.1115,Rain,530,37.0,0,30.37,Low,25.3,Low
1921,2025-02-24,11:00,Monday,No,Gokul Road,15.3652,75.1106,Rain,670,23.6,0,43.89,Moderate,36.69,Medium
1922,2025-03-23,12:00,Sunday,Yes,Unkal Lake Road,15.373,75.1115,Clear,315,44.8,0,17.73,Low,14.76,Low
1923,2025-04-24,22:00,Thursday,No,Unkal Lake Road,15.373,75.1115,Cloudy,491,43.0,0,25.16,Low,20.88,Low
1924,2025-03-26,04:00,Wednesday,No,Keshwapur,15.3565,75.1325,Rain,839,34.2,1,46.51,Moderate,44.18,Medium
1925,2025-04-03,04:00,Thursday,No,Old Bus Stand,15.3502,75.138,Clear,502,37.5,0,29.05,Low,24.2,Low
1926,2025-04-09,00:00,Wednesday,No,Vidya Nagar,15.37,75.119,Clear,452,33.5,0,29.81,Low,24.93,Low
1927,2025-03-10,23:00,Monday,No,Keshwapur,15.3565,75.1325,Rain,456,40.1,0,25.76,Low,21.44,Low
1928,2025-03-07,19:00,Friday,No,Gokul Road,15.3652,75.1106,Clear,858,31.7,1,48.78,Moderate,46.1,Medium
1929,2025-03-18,23:00,Tuesday,No,Vidya Nagar,15.37,75.119,Clear,526,45.9,0,24.56,Low,20.32,Low
1930,2025-04-02,19:00,Wednesday,No,MG Road Junction,15.3647,75.1239,Clear,1227,29.3,1,63.48,High,58.18,Medium
1931,2025-02-27,22:00,Thursday,No,MG Road Junction,15.3647,75.1239,Clear,364,39.0,0,23.17,Low,19.36,Low
1932,2025-03-14,14:00,Friday,No,Old Bus Stand,15.3502,75.138,Rain,422,38.8,1,28.7,Low,29.49,Low
1933,2025-03-22,05:00,Saturday,Yes,Gokul Road,15.3652,75.1106,Cloudy,280,46.7,0,15.28,Low,12.7,Low
1934,2025-01-26,19:00,Sunday,Yes,Keshwapur,15.3565,75.1325,Clear,723,40.6,0,34.97,Low,28.97,Low
1935,2025-02-23,02:00,Sunday,Yes,Hubballi Railway Station,15.3515,75.1387,Clear,328,45.6,0,17.69,Low,14.71,Low
1936,2025-02-09,20:00,Sunday,Yes,Gokul Road,15.3652,75.1106,Cloudy,800,34.5,1,44.93,Moderate,42.88,Medium
1937,2025-03-22,19:00,Saturday,Yes,Airport Road,15.3705,75.096,Cloudy,645,33.3,2,43.5,Moderate,47.34,Medium
1938,2025-04-10,05:00,Thursday,No,Vidya Nagar,15.37,75.119,Clear,459,40.3,0,25.74,Low,21.42,Low
1939,2025-02-10,08:00,Monday,No,Vidya Nagar,15.37,75.119,Rain,993,25.2,0,54.4,Moderate,45.25,Medium
1940,2025-04-17,14:00,Thursday,No,Unkal Lake Road,15.373,75.1115,Clear,108,48.3,0,8.12,Low,6.81,Low
1941,2025-02-24,20:00,Monday,No,MG Road Junction,15.3647,75.1239,Clear,851,40.2,0,39.79,Moderate,32.92,Low
1942,2025-02-13,11:00,Thursday,No,Old Bus Stand,15.3502,75.138,Cloudy,374,43.7,0,20.54,Low,17.09,Low
1943,2025-01-12,17:00,Sunday,Yes,Vidya Nagar,15.37,75.119,Clear,593,40.1,1,33.98,Low,33.78,Low
1944,2025-04-29,12:00,Tuesday,No,Gokul Road,15.3652,75.1106,Rain,707,32.3,0,39.68,Moderate,33.03,Low
1945,2025-04-01,06:00,Tuesday,No,Vidya Nagar,15.37,75.119,Cloudy,302,47.9,0,15.3,Low,12.69,Low
1946,2025-02-14,02:00,Friday,No,Old Bus Stand,15.3502,75.138,Cloudy,580,32.9,0,34.76,Low,28.99,Low
1947,2025-01-09,05:00,Thursday,No,Old Bus Stand,15.3502,75.138,Clear,376,38.2,0,24.11,Low,20.14,Low
1948,2025-04-16,12:00,Wednesday,No,Old Bus Stand,15.3502,75.138,Clear,317,51.1,0,13.8,Low,11.38,Low
1949,2025-02-15,02:00,Saturday,Yes,Gokul Road,15.3652,75.1106,Clear,211,40.2,0,16.95,Low,14.23,Low
1950,2025-02-19,08:00,Wednesday,No,Hubballi Railway Station,15.3515,75.1387,Clear,1313,32.6,1,64.45,High,58.89,Medium
1951,2025-02-12,00:00,Wednesday,No,Unkal Lake Road,15.373,75.1115,Cloudy,283,47.2,0,15.06,Low,12.52,Low
1952,2025-04-25,02:00,Friday,No,MG Road Junction,15.3647,75.1239,Rain,741,25.4,0,45.28,Moderate,37.78,Medium
1953,2025-02-21,05:00,Friday,No,Vidya Nagar,15.37,75.119,Cloudy,223,38.1,0,18.71,Low,15.73,Low
1954,2025-02-13,03:00,Thursday,No,Gokul Road,15.3652,75.1106,Rain,786,37.6,0,39.13,Moderate,32.44,Low
1955,2025-01-21,09:00,Tuesday,No,Keshwapur,15.3565,75.1325,Cloudy,945,31.5,1,52.02,Moderate,48.75,Medium
1956,2025-01-12,11:00,Sunday,Yes,MG Road Junction,15.3647,75.1239,Clear,445,38.3,0,26.51,Low,22.1,Low
1957,2025-04-25,04:00,Friday,No,Hubballi Railway Station,15.3515,75.1387,Clear,554,38.5,0,30.27,Low,25.18,Low
1958,2025-04-06,09:00,Sunday,Yes,Gokul Road,15.3652,75.1106,Cloudy,809,33.3,1,46.02,Moderate,43.79,Medium
1959,2025-02-21,15:00,Friday,No,Airport Road,15.3705,75.096,Clear,416,44.6,0,21.47,Low,17.82,Low
1960,2025-02-23,02:00,Sunday,Yes,Airport Road,15.3705,75.096,Clear,205,40.5,0,16.54,Low,13.9,Low
1961,2025-01-06,05:00,Monday,No,Unkal Lake Road,15.373,75.1115,Clear,299,36.2,0,22.64,Low,18.99,Low
1962,2025-01-10,00:00,Friday,No,Unkal Lake Road,15.373,75.1115,Rain,494,41.0,0,26.54,Low,22.06,Low
1963,2025-02-20,08:00,Thursday,No,Hubballi Railway Station,15.3515,75.1387,Clear,1088,29.0,1,58.71,Moderate,54.29,Medium
1964,2025-02-21,22:00,Friday,No,Hubballi Railway Station,15.3515,75.1387,Cloudy,485,38.5,1,31.14,Low,31.5,Low
1965,2025-04-16,22:00,Wednesday,No,Unkal Lake Road,15.373,75.1115,Rain,571,38.7,0,30.75,Low,25.57,Low
1966,2025-04-14,02:00,Monday,No,Vidya Nagar,15.37,75.119,Clear,477,41.9,0,25.36,Low,21.07,Low
1967,2025-02-08,06:00,Saturday,Yes,Vidya Nagar,15.37,75.119,Clear,291,48.6,1,17.79,Low,20.32,Low
1968,2025-02-24,21:00,Monday,No,Gokul Road,15.3652,75.1106,Clear,759,41.3,0,35.81,Moderate,29.64,Low
1969,2025-04-02,14:00,Wednesday,No,Keshwapur,15.3565,75.1325,Cloudy,385,41.1,0,22.59,Low,18.82,Low
1970,2025-04-12,07:00,Saturday,Yes,Gokul Road,15.3652,75.1106,Cloudy,975,39.1,0,44.92,Moderate,37.14,Medium
1971,2025-03-11,05:00,Tuesday,No,Keshwapur,15.3565,75.1325,Rain,614,35.5,0,34.32,Low,28.57,Low
1972,2025-01-13,19:00,Monday,No,Hubballi Railway Station,15.3515,75.1387,Cloudy,954,32.9,0,48.11,Moderate,39.91,Medium
1973,2025-02-26,15:00,Wednesday,No,MG Road Junction,15.3647,75.1239,Clear,555,41.8,1,31.54,Low,31.74,Low
1974,2025-03-24,01:00,Monday,No,Gokul Road,15.3652,75.1106,Clear,565,35.2,0,32.77,Low,27.3,Low
1975,2025-04-27,09:00,Sunday,Yes,Gokul Road,15.3652,75.1106,Cloudy,650,42.7,1,34.36,Low,34.02,Low
1976,2025-02-07,03:00,Friday,No,Keshwapur,15.3565,75.1325,Clear,611,42.7,0,29.63,Low,24.55,Low
1977,2025-01-16,14:00,Thursday,No,Old Bus Stand,15.3502,75.138,Clear,556,41.1,0,28.69,Low,23.82,Low
1978,2025-03-26,17:00,Wednesday,No,Hubballi Railway Station,15.3515,75.1387,Clear,888,28.5,0,48.56,Moderate,40.39,Medium
1979,2025-02-26,20:00,Wednesday,No,Hubballi Railway Station,15.3515,75.1387,Clear,1167,37.1,0,53.04,Moderate,43.84,Medium
1980,2025-01-06,08:00,Monday,No,Airport Road,15.3705,75.096,Clear,635,41.3,0,31.38,Low,26.02,Low
1981,2025-02-12,06:00,Wednesday,No,Old Bus Stand,15.3502,75.138,Clear,461,41.8,0,24.85,Low,20.66,Low
1982,2025-03-16,23:00,Sunday,Yes,Keshwapur,15.3565,75.1325,Clear,219,44.4,0,14.56,Low,12.18,Low
1983,2025-04-24,04:00,Thursday,No,Hubballi Railway Station,15.3515,75.1387,Clear,585,38.1,0,31.63,Low,26.3,Low
1984,2025-02-27,13:00,Thursday,No,Old Bus Stand,15.3502,75.138,Cloudy,465,40.4,0,25.89,Low,21.54,Low
1985,2025-01-22,12:00,Wednesday,No,Unkal Lake Road,15.373,75.1115,Rain,561,38.6,2,37.13,Moderate,41.99,Medium
1986,2025-03-05,06:00,Wednesday,No,Old Bus Stand,15.3502,75.138,Clear,409,40.5,1,27.16,Low,28.19,Low
1987,2025-01-04,13:00,Saturday,Yes,Vidya Nagar,15.37,75.119,Cloudy,238,43.7,0,15.69,Low,13.11,Low
1988,2025-02-19,22:00,Wednesday,No,Airport Road,15.3705,75.096,Clear,265,44.0,0,16.46,Low,13.74,Low
1989,2025-04-09,06:00,Wednesday,No,Unkal Lake Road,15.373,75.1115,Clear,411,42.1,0,22.88,Low,19.04,Low
1990,2025-02-17,14:00,Monday,No,MG Road Junction,15.3647,75.1239,Rain,536,33.4,1,36.21,Moderate,35.77,Medium
1991,2025-04-14,02:00,Monday,No,Gokul Road,15.3652,75.1106,Cloudy,445,41.4,0,24.54,Low,20.41,Low
1992,2025-03-25,01:00,Tuesday,No,Airport Road,15.3705,75.096,Rain,407,38.9,0,24.77,Low,20.67,Low
1993,2025-04-01,01:00,Tuesday,No,MG Road Junction,15.3647,75.1239,Clear,583,36.6,1,35.85,Moderate,35.39,Medium
1994,2025-01-13,14:00,Monday,No,Gokul Road,15.3652,75.1106,Clear,236,44.2,1,18.63,Low,21.12,Low
1995,2025-04-27,07:00,Sunday,Yes,Vidya Nagar,15.37,75.119,Rain,781,40.3,1,40.56,Moderate,39.16,Medium
1996,2025-01-25,11:00,Saturday,Yes,Old Bus Stand,15.3502,75.138,Clear,622,39.5,0,32.06,Low,26.62,Low
1997,2025-02-11,02:00,Tuesday,No,Hubballi Railway Station,15.3515,75.1387,Clear,672,35.3,0,36.52,Moderate,30.37,Low
1998,2025-03-19,15:00,Wednesday,No,Unkal Lake Road,15.373,75.1115,Cloudy,303,39.8,0,20.49,Low,17.14,Low
1999,2025-01-15,08:00,Wednesday,No,Keshwapur,15.3565,75.1325,Rain,1084,23.5,0,58.73,Moderate,48.84,Medium
2000,2025-02-03,21:00,Monday,No,Unkal Lake Road,15.373,75.1115,Rain,931,37.1,0,44.62,Moderate,36.95,Medium
2001,2025-03-24,19:00,Monday,No,Vidya Nagar,15.37,75.119,Clear,1027,38.3,0,47.28,Moderate,39.1,Medium
2002,2025-04-29,16:00,Tuesday,No,MG Road Junction,15.3647,75.1239,Rain,262,34.3,0,22.52,Low,18.94,Low
2003,2025-02-24,14:00,Monday,No,Keshwapur,15.3565,75.1325,Clear,595,40.9,0,30.21,Low,25.07,Low
2004,2025-03-25,07:00,Tuesday,No,Hubballi Railway Station,15.3515,75.1387,Clear,952,40.2,1,46.73,Moderate,44.21,Medium
2005,2025-03-11,21:00,Tuesday,No,Vidya Nagar,15.37,75.119,Cloudy,768,37.6,1,41.82,Moderate,40.25,Medium
2006,2025-02-25,07:00,Tuesday,No,Keshwapur,15.3565,75.1325,Clear,800,35.4,1,44.36,Moderate,42.39,Medium
2007,2025-02-15,12:00,Saturday,Yes,Vidya Nagar,15.37,75.119,Clear,164,54.8,0,5.98,Low,4.9,Low
2008,2025-04-11,08:00,Friday,No,Old Bus Stand,15.3502,75.138,Cloudy,886,28.6,0,48.42,Moderate,40.27,Medium
2009,2025-02-12,01:00,Wednesday,No,Vidya Nagar,15.37,75.119,Clear,279,54.8,0,10.09,Low,8.26,Low
2010,2025-01-30,07:00,Thursday,No,Hubballi Railway Station,15.3515,75.1387,Clear,1016,34.7,0,49.18,Moderate,40.74,Medium
2011,2025-01-24,22:00,Friday,No,Airport Road,15.3705,75.096,Clear,395,47.9,0,18.62,Low,15.41,Low
2012,2025-03-09,00:00,Sunday,Yes,Gokul Road,15.3652,75.1106,Clear,334,38.7,1,25.63,Low,26.98,Low
2013,2025-02-16,08:00,Sunday,Yes,Keshwapur,15.3565,75.1325,Clear,897,33.1,0,45.95,Moderate,38.14,Medium
2014,2025-01-29,15:00,Wednesday,No,Old Bus Stand,15.3502,75.138,Cloudy,409,38.2,0,25.29,Low,21.11,Low
2015,2025-04-28,20:00,Monday,No,Hubballi Railway Station,15.3515,75.1387,Cloudy,1001,34.2,0,48.96,Moderate,40.58,Medium
2016,2025-04-20,16:00,Sunday,Yes,Vidya Nagar,15.37,75.119,Clear,261,45.8,0,15.17,Low,12.64,Low
2017,2025-04-20,20:00,Sunday,Yes,Old Bus Stand,15.3502,75.138,Rain,1004,33.9,1,52.59,Moderate,49.16,Medium
2018,2025-01-21,08:00,Tuesday,No,Hubballi Railway Station,15.3515,75.1387,Clear,1090,26.6,0,56.98,Moderate,47.32,Medium
2019,2025-02-26,03:00,Wednesday,No,Airport Road,15.3705,75.096,Clear,386,43.5,0,21.09,Low,17.54,Low
2020,2025-01-21,13:00,Tuesday,No,Old Bus Stand,15.3502,75.138,Rain,589,38.7,0,31.39,Low,26.09,Low
2021,2025-03-11,11:00,Tuesday,No,Old Bus Stand,15.3502,75.138,Clear,298,48.4,1,18.17,Low,20.64,Low
2022,2025-03-10,05:00,Monday,No,Gokul Road,15.3652,75.1106,Fog,429,32.5,0,29.63,Low,24.8,Low
2023,2025-01-01,18:00,Wednesday,No,Unkal Lake Road,15.373,75.1115,Clear,937,33.8,0,46.93,Moderate,38.93,Medium
2024,2025-04-12,20:00,Saturday,Yes,Keshwapur,15.3565,75.1325,Cloudy,873,36.0,0,43.25,Moderate,35.86,Medium
2025,2025-02-11,16:00,Tuesday,No,Gokul Road,15.3652,75.1106,Clear,513,41.9,0,26.65,Low,22.13,Low
2026,2025-02-05,10:00,Wednesday,No,MG Road Junction,15.3647,75.1239,Clear,978,40.2,0,44.32,Moderate,36.63,Medium
2027,2025-02-27,20:00,Thursday,No,Keshwapur,15.3565,75.1325,Clear,948,30.5,0,49.43,Moderate,41.05,Medium
2028,2025-02-26,10:00,Wednesday,No,Gokul Road,15.3652,75.1106,Cloudy,893,32.9,1,49.27,Moderate,46.47,Medium
2029,2025-02-26,23:00,Wednesday,No,Vidya Nagar,15.37,75.119,Clear,545,35.4,0,31.92,Low,26.61,Low
2030,2025-02-04,05:00,Tuesday,No,Keshwapur,15.3565,75.1325,Rain,461,38.6,0,26.89,Low,22.41,Low
2031,2025-01-19,22:00,Sunday,Yes,Keshwapur,15.3565,75.1325,Clear,471,46.1,0,22.47,Low,18.61,Low
2032,2025-03-09,16:00,Sunday,Yes,Hubballi Railway Station,15.3515,75.1387,Clear,310,38.2,0,21.76,Low,18.22,Low
2033,2025-04-26,12:00,Saturday,Yes,Vidya Nagar,15.37,75.119,Clear,470,42.1,0,24.98,Low,20.76,Low
2034,2025-01-30,14:00,Thursday,No,MG Road Junction,15.3647,75.1239,Cloudy,581,44.4,0,27.48,Low,22.75,Low
2035,2025-04-02,06:00,Wednesday,No,Unkal Lake Road,15.373,75.1115,Rain,409,40.7,0,23.7,Low,19.74,Low
2036,2025-02-08,04:00,Saturday,Yes,Old Bus Stand,15.3502,75.138,Clear,336,46.6,0,17.34,Low,14.39,Low
2037,2025-04-21,12:00,Monday,No,Airport Road,15.3705,75.096,Cloudy,407,37.8,0,25.47,Low,21.27,Low
2038,2025-03-04,08:00,Tuesday,No,Gokul Road,15.3652,75.1106,Clear,877,39.4,1,44.56,Moderate,42.45,Medium
2039,2025-03-02,00:00,Sunday,Yes,Hubballi Railway Station,15.3515,75.1387,Cloudy,389,42.1,0,22.09,Low,18.4,Low
2040,2025-01-13,16:00,Monday,No,Gokul Road,15.3652,75.1106,Rain,522,40.3,0,27.99,Low,23.26,Low
2041,2025-01-31,15:00,Friday,No,MG Road Junction,15.3647,75.1239,Clear,780,39.4,0,37.77,Moderate,31.29,Low
2042,2025-04-08,10:00,Tuesday,No,Old Bus Stand,15.3502,75.138,Clear,1243,28.2,0,61.42,High,50.92,Medium
2043,2025-03-23,19:00,Sunday,Yes,MG Road Junction,15.3647,75.1239,Fog,1071,26.8,0,56.17,Moderate,46.66,Medium
2044,2025-03-31,13:00,Monday,No,Keshwapur,15.3565,75.1325,Rain,554,38.9,0,30.02,Low,24.96,Low
2045,2025-03-25,17:00,Tuesday,No,Airport Road,15.3705,75.096,Cloudy,673,37.0,0,35.47,Moderate,29.47,Low
2046,2025-02-10,01:00,Monday,No,MG Road Junction,15.3647,75.1239,Clear,401,43.2,0,21.82,Low,18.15,Low
2047,2025-02-12,18:00,Wednesday,No,Gokul Road,15.3652,75.1106,Clear,1207,26.6,1,64.49,High,59.07,Medium
2048,2025-03-30,20:00,Sunday,Yes,Vidya Nagar,15.37,75.119,Clear,776,39.8,0,37.37,Moderate,30.95,Low
2049,2025-04-09,23:00,Wednesday,No,Vidya Nagar,15.37,75.119,Rain,640,34.2,0,36.08,Moderate,30.03,Low
2050,2025-03-03,09:00,Monday,No,Keshwapur,15.3565,75.1325,Cloudy,868,40.1,0,40.46,Moderate,33.47,Low
2051,2025-04-15,05:00,Tuesday,No,Unkal Lake Road,15.373,75.1115,Clear,182,47.7,0,11.14,Low,9.3,Low
2052,2025-03-23,03:00,Sunday,Yes,Gokul Road,15.3652,75.1106,Clear,160,44.2,0,12.58,Low,10.56,Low
2053,2025-04-22,12:00,Tuesday,No,Gokul Road,15.3652,75.1106,Clear,480,38.2,0,27.82,Low,23.18,Low
2054,2025-02-19,01:00,Wednesday,No,MG Road Junction,15.3647,75.1239,Clear,439,37.8,0,26.61,Low,22.2,Low
2055,2025-01-28,16:00,Tuesday,No,Airport Road,15.3705,75.096,Clear,275,42.3,0,17.9,Low,14.96,Low
2056,2025-01-01,11:00,Wednesday,No,Gokul Road,15.3652,75.1106,Clear,520,44.6,0,25.18,Low,20.86,Low
2057,2025-02-18,04:00,Tuesday,No,Hubballi Railway Station,15.3515,75.1387,Clear,640,32.4,0,37.22,Moderate,31.02,Low
2058,2025-01-13,15:00,Monday,No,Unkal Lake Road,15.373,75.1115,Clear,294,39.9,0,20.1,Low,16.82,Low
2059,2025-03-15,11:00,Saturday,Yes,MG Road Junction,15.3647,75.1239,Clear,208,48.7,0,11.43,Low,9.51,Low
2060,2025-04-28,22:00,Monday,No,Hubballi Railway Station,15.3515,75.1387,Clear,398,48.0,0,18.66,Low,15.44,Low
2061,2025-01-02,18:00,Thursday,No,Keshwapur,15.3565,75.1325,Clear,814,33.2,0,42.93,Moderate,35.66,Medium
2062,2025-02-09,07:00,Sunday,Yes,Vidya Nagar,15.37,75.119,Clear,701,34.5,0,38.06,Moderate,31.65,Low
2063,2025-04-10,14:00,Thursday,No,Keshwapur,15.3565,75.1325,Clear,449,47.6,1,24.07,Low,25.48,Low
2064,2025-02-26,05:00,Wednesday,No,Vidya Nagar,15.37,75.119,Clear,625,39.2,0,32.36,Low,26.87,Low
2065,2025-04-17,01:00,Thursday,No,Keshwapur,15.3565,75.1325,Clear,546,37.1,0,30.88,Low,25.71,Low
2066,2025-04-11,11:00,Friday,No,Gokul Road,15.3652,75.1106,Cloudy,720,42.6,0,33.59,Low,27.79,Low
2067,2025-02-07,02:00,Friday,No,Hubballi Railway Station,15.3515,75.1387,Rain,414,39.5,0,24.64,Low,20.54,Low
2068,2025-04-14,02:00,Monday,No,Vidya Nagar,15.37,75.119,Cloudy,100,49.6,0,7.01,Low,5.87,Low
2069,2025-02-11,20:00,Tuesday,No,MG Road Junction,15.3647,75.1239,Clear,1129,29.6,0,56.46,Moderate,46.82,Medium
2070,2025-01-01,20:00,Wednesday,No,Hubballi Railway Station,15.3515,75.1387,Rain,1183,28.7,2,65.63,High,65.56,High
2071,2025-01-17,22:00,Friday,No,MG Road Junction,15.3647,75.1239,Cloudy,499,46.3,0,23.35,Low,19.32,Low
2072,2025-04-22,02:00,Tuesday,No,Hubballi Railway Station,15.3515,75.1387,Clear,509,43.8,0,25.29,Low,20.97,Low
2073,2025-02-12,06:00,Wednesday,No,Hubballi Railway Station,15.3515,75.1387,Clear,334,47.2,0,16.88,Low,14.01,Low
2074,2025-01-14,23:00,Tuesday,No,Keshwapur,15.3565,75.1325,Rain,643,40.0,0,32.49,Low,26.96,Low
2075,2025-03-18,14:00,Tuesday,No,Vidya Nagar,15.37,75.119,Clear,491,43.2,0,25.03,Low,20.77,Low
2076,2025-02-17,19:00,Monday,No,Vidya Nagar,15.37,75.119,Clear,715,36.2,0,37.48,Moderate,31.13,Low
2077,2025-04-12,22:00,Saturday,Yes,Airport Road,15.3705,75.096,Cloudy,229,48.5,0,12.31,Low,10.23,Low
2078,2025-04-29,08:00,Tuesday,No,Hubballi Railway Station,15.3515,75.1387,Rain,1068,24.3,0,57.65,Moderate,47.93,Medium
2079,2025-03-18,03:00,Tuesday,No,Gokul Road,15.3652,75.1106,Clear,381,42.0,1,25.2,Low,26.55,Low
2080,2025-01-30,18:00,Thursday,No,Gokul Road,15.3652,75.1106,Clear,839,39.2,0,40.0,Moderate,33.12,Low
2081,2025-01-03,02:00,Friday,No,MG Road Junction,15.3647,75.1239,Clear,519,28.2,0,35.58,Moderate,29.77,Low
2082,2025-01-14,11:00,Tuesday,No,MG Road Junction,15.3647,75.1239,Cloudy,556,41.6,0,28.37,Low,23.55,Low
2083,2025-02-02,20:00,Sunday,Yes,Keshwapur,15.3565,75.1325,Clear,662,40.4,1,36.25,Moderate,35.63,Medium
2084,2025-01-06,20:00,Monday,No,Hubballi Railway Station,15.3515,75.1387,Clear,889,31.6,1,49.95,Moderate,47.06,Medium
2085,2025-01-20,13:00,Monday,No,MG Road Junction,15.3647,75.1239,Rain,699,35.0,0,37.68,Moderate,31.32,Low
2086,2025-02-02,18:00,Sunday,Yes,MG Road Junction,15.3647,75.1239,Clear,737,38.9,1,39.88,Moderate,38.64,Medium
2087,2025-03-18,01:00,Tuesday,No,Unkal Lake Road,15.373,75.1115,Cloudy,336,43.7,0,19.18,Low,15.98,Low
2088,2025-02-26,13:00,Wednesday,No,Hubballi Railway Station,15.3515,75.1387,Clear,433,47.0,0,20.55,Low,17.01,Low
2089,2025-03-21,20:00,Friday,No,Old Bus Stand,15.3502,75.138,Clear,1201,35.5,1,58.61,Moderate,54.04,Medium
2090,2025-02-10,03:00,Monday,No,Keshwapur,15.3565,75.1325,Cloudy,356,45.8,0,18.56,Low,15.41,Low
2091,2025-01-16,12:00,Thursday,No,MG Road Junction,15.3647,75.1239,Clear,775,33.6,1,44.61,Moderate,42.64,Medium
2092,2025-04-16,21:00,Wednesday,No,Keshwapur,15.3565,75.1325,Clear,1048,34.0,0,50.77,Moderate,42.06,Medium
2093,2025-03-12,12:00,Wednesday,No,Vidya Nagar,15.37,75.119,Clear,618,44.5,0,28.74,Low,23.77,Low
2094,2025-04-27,14:00,Sunday,Yes,Keshwapur,15.3565,75.1325,Cloudy,437,41.3,1,27.65,Low,28.57,Low
2095,2025-02-19,03:00,Wednesday,No,Old Bus Stand,15.3502,75.138,Rain,575,41.6,0,29.05,Low,24.1,Low
2096,2025-04-08,10:00,Tuesday,No,Gokul Road,15.3652,75.1106,Fog,820,31.7,0,44.09,Moderate,36.65,Medium
2097,2025-03-11,15:00,Tuesday,No,Old Bus Stand,15.3502,75.138,Clear,436,49.0,0,19.38,Low,16.0,Low
2098,2025-01-05,09:00,Sunday,Yes,Gokul Road,15.3652,75.1106,Clear,940,31.2,1,52.03,Moderate,48.76,Medium
2099,2025-03-02,03:00,Sunday,Yes,Keshwapur,15.3565,75.1325,Clear,345,42.8,0,20.08,Low,16.73,Low
2100,2025-04-24,05:00,Thursday,No,Gokul Road,15.3652,75.1106,Rain,683,33.7,1,41.26,Moderate,39.9,Medium
2101,2025-03-12,01:00,Wednesday,No,Vidya Nagar,15.37,75.119,Clear,429,44.7,0,21.87,Low,18.15,Low
2102,2025-01-01,01:00,Wednesday,No,Hubballi Railway Station,15.3515,75.1387,Fog,531,30.0,0,34.86,Low,29.14,Low
2103,2025-04-20,20:00,Sunday,Yes,Gokul Road,15.3652,75.1106,Clear,817,30.7,0,44.62,Moderate,37.11,Medium
2104,2025-04-23,03:00,Wednesday,No,Gokul Road,15.3652,75.1106,Fog,540,34.3,0,32.45,Low,27.06,Low
2105,2025-03-31,01:00,Monday,No,Keshwapur,15.3565,75.1325,Rain,464,35.3,0,29.1,Low,24.3,Low
2106,2025-01-15,13:00,Wednesday,No,Vidya Nagar,15.37,75.119,Rain,493,34.5,1,33.97,Low,33.91,Low
2107,2025-02-23,14:00,Sunday,Yes,Airport Road,15.3705,75.096,Clear,293,41.3,1,22.51,Low,24.36,Low
2108,2025-02-14,06:00,Friday,No,Airport Road,15.3705,75.096,Clear,353,43.8,0,19.73,Low,16.42,Low
2109,2025-04-02,22:00,Wednesday,No,Airport Road,15.3705,75.096,Clear,293,39.8,0,20.13,Low,16.85,Low
2110,2025-04-09,07:00,Wednesday,No,Airport Road,15.3705,75.096,Clear,716,37.7,0,36.56,Moderate,30.34,Low
2111,2025-01-19,12:00,Sunday,Yes,Hubballi Railway Station,15.3515,75.1387,Clear,276,41.0,0,18.76,Low,15.7,Low
2112,2025-04-08,17:00,Tuesday,No,Old Bus Stand,15.3502,75.138,Clear,854,34.2,0,43.72,Moderate,36.28,Medium
2113,2025-02-09,15:00,Sunday,Yes,Keshwapur,15.3565,75.1325,Clear,389,44.2,0,20.76,Low,17.25,Low
2114,2025-01-02,11:00,Thursday,No,Keshwapur,15.3565,75.1325,Cloudy,294,46.7,0,15.78,Low,13.11,Low
2115,2025-02-16,03:00,Sunday,Yes,Unkal Lake Road,15.373,75.1115,Cloudy,318,42.5,1,22.64,Low,24.44,Low
2116,2025-03-03,11:00,Monday,No,Vidya Nagar,15.37,75.119,Clear,176,49.5,0,9.78,Low,8.14,Low
2117,2025-03-16,22:00,Sunday,Yes,Airport Road,15.3705,75.096,Fog,193,33.5,0,20.57,Low,17.36,Low
2118,2025-03-18,21:00,Tuesday,No,Hubballi Railway Station,15.3515,75.1387,Clear,998,28.6,1,55.75,Moderate,51.88,Medium
2119,2025-02-28,16:00,Friday,No,Vidya Nagar,15.37,75.119,Clear,217,39.8,0,17.42,Low,14.63,Low
2120,2025-02-19,19:00,Wednesday,No,Airport Road,15.3705,75.096,Clear,676,34.7,0,37.05,Moderate,30.81,Low
2121,2025-02-28,07:00,Friday,No,Hubballi Railway Station,15.3515,75.1387,Rain,1279,20.7,1,70.81,High,64.39,High
2122,2025-03-13,04:00,Thursday,No,Vidya Nagar,15.37,75.119,Clear,256,52.7,0,10.6,Low,8.73,Low
2123,2025-02-27,17:00,Thursday,No,Keshwapur,15.3565,75.1325,Clear,905,29.7,1,51.73,Moderate,48.56,Medium
2124,2025-04-19,14:00,Saturday,Yes,Keshwapur,15.3565,75.1325,Cloudy,572,44.1,0,27.35,Low,22.65,Low
2125,2025-04-02,04:00,Wednesday,No,Old Bus Stand,15.3502,75.138,Clear,337,43.4,0,19.41,Low,16.17,Low
2126,2025-02-24,04:00,Monday,No,MG Road Junction,15.3647,75.1239,Cloudy,726,39.2,0,35.97,Moderate,29.82,Low
2127,2025-04-26,13:00,Saturday,Yes,Old Bus Stand,15.3502,75.138,Rain,460,33.2,1,33.62,Low,33.66,Low
2128,2025-02-21,19:00,Friday,No,Gokul Road,15.3652,75.1106,Fog,1011,27.8,0,53.39,Moderate,44.36,Medium
2129,2025-01-22,16:00,Wednesday,No,Old Bus Stand,15.3502,75.138,Clear,667,35.5,0,36.22,Moderate,30.11,Low
2130,2025-03-17,06:00,Monday,No,Airport Road,15.3705,75.096,Clear,290,47.8,0,14.93,Low,12.4,Low
2131,2025-01-01,09:00,Wednesday,No,Unkal Lake Road,15.373,75.1115,Clear,805,41.3,1,40.78,Moderate,39.31,Medium
2132,2025-02-10,23:00,Monday,No,Vidya Nagar,15.37,75.119,Clear,508,40.7,0,27.23,Low,22.63,Low
2133,2025-04-12,01:00,Saturday,Yes,Unkal Lake Road,15.373,75.1115,Clear,218,44.8,0,14.27,Low,11.93,Low
2134,2025-03-11,00:00,Tuesday,No,MG Road Junction,15.3647,75.1239,Clear,404,44.3,0,21.23,Low,17.63,Low
2135,2025-03-11,04:00,Tuesday,No,Gokul Road,15.3652,75.1106,Fog,441,35.6,0,28.09,Low,23.46,Low
2136,2025-04-24,17:00,Thursday,No,Vidya Nagar,15.37,75.119,Rain,952,34.4,0,47.09,Moderate,39.04,Medium
2137,2025-04-20,15:00,Sunday,Yes,Hubballi Railway Station,15.3515,75.1387,Clear,232,48.9,0,12.16,Low,10.1,Low
2138,2025-04-02,15:00,Wednesday,No,Airport Road,15.3705,75.096,Clear,275,44.2,0,16.69,Low,13.92,Low
2139,2025-01-30,23:00,Thursday,No,Gokul Road,15.3652,75.1106,Clear,100,44.8,0,10.06,Low,8.48,Low
2140,2025-02-14,16:00,Friday,No,Keshwapur,15.3565,75.1325,Clear,407,45.8,0,20.38,Low,16.9,Low
2141,2025-02-05,18:00,Wednesday,No,MG Road Junction,15.3647,75.1239,Cloudy,1226,31.0,0,59.03,Moderate,48.89,Medium
2142,2025-02-24,20:00,Monday,No,Gokul Road,15.3652,75.1106,Cloudy,770,38.2,0,38.17,Moderate,31.65,Low
2143,2025-03-08,19:00,Saturday,Yes,Airport Road,15.3705,75.096,Rain,631,36.7,0,34.17,Low,28.41,Low
2144,2025-01-03,01:00,Friday,No,Old Bus Stand,15.3502,75.138,Cloudy,829,40.8,1,41.96,Moderate,40.29,Medium
2145,2025-04-23,23:00,Wednesday,No,Gokul Road,15.3652,75.1106,Clear,469,42.8,0,24.5,Low,20.35,Low
2146,2025-04-18,10:00,Friday,No,Old Bus Stand,15.3502,75.138,Cloudy,1162,30.2,0,57.25,Moderate,47.46,Medium
2147,2025-01-07,01:00,Tuesday,No,Airport Road,15.3705,75.096,Clear,239,52.0,0,10.44,Low,8.62,Low
2148,2025-02-08,02:00,Saturday,Yes,Keshwapur,15.3565,75.1325,Cloudy,409,48.7,0,18.61,Low,15.38,Low
2149,2025-03-02,22:00,Sunday,Yes,Vidya Nagar,15.37,75.119,Clear,178,41.6,0,14.88,Low,12.51,Low
2150,2025-04-06,09:00,Sunday,Yes,Hubballi Railway Station,15.3515,75.1387,Clear,830,33.3,0,43.43,Moderate,36.07,Medium
2151,2025-01-25,04:00,Saturday,Yes,Keshwapur,15.3565,75.1325,Clear,460,38.7,1,30.12,Low,30.66,Low
2152,2025-04-24,22:00,Thursday,No,Old Bus Stand,15.3502,75.138,Clear,571,43.8,0,27.51,Low,22.78,Low
2153,2025-03-08,00:00,Saturday,Yes,Old Bus Stand,15.3502,75.138,Rain,451,44.3,1,26.24,Low,27.34,Low
2154,2025-01-21,02:00,Tuesday,No,Hubballi Railway Station,15.3515,75.1387,Clear,534,38.9,1,32.64,Low,32.71,Low
2155,2025-02-22,01:00,Saturday,Yes,Vidya Nagar,15.37,75.119,Clear,349,44.0,1,22.79,Low,24.52,Low
2156,2025-01-29,00:00,Wednesday,No,Gokul Road,15.3652,75.1106,Clear,563,37.5,0,31.23,Low,25.99,Low
2157,2025-01-27,06:00,Monday,No,Hubballi Railway Station,15.3515,75.1387,Cloudy,477,48.4,0,21.22,Low,17.53,Low
2158,2025-04-23,20:00,Wednesday,No,MG Road Junction,15.3647,75.1239,Clear,1232,34.9,0,56.76,Moderate,46.94,Medium
2159,2025-01-28,13:00,Tuesday,No,MG Road Junction,15.3647,75.1239,Fog,732,26.9,0,44.01,Moderate,36.7,Medium
2160,2025-04-29,20:00,Tuesday,No,Airport Road,15.3705,75.096,Rain,802,23.9,0,48.42,Moderate,40.38,Medium
2161,2025-04-13,18:00,Sunday,Yes,Keshwapur,15.3565,75.1325,Cloudy,747,42.2,0,34.81,Low,28.8,Low
2162,2025-02-11,03:00,Tuesday,No,Old Bus Stand,15.3502,75.138,Cloudy,359,40.9,1,25.12,Low,26.51,Low
2163,2025-03-06,10:00,Thursday,No,Vidya Nagar,15.37,75.119,Clear,850,40.0,0,39.88,Moderate,33.0,Low
2164,2025-01-28,01:00,Tuesday,No,Airport Road,15.3705,75.096,Clear,371,44.2,0,20.11,Low,16.72,Low
2165,2025-02-10,08:00,Monday,No,Keshwapur,15.3565,75.1325,Cloudy,908,28.6,0,49.21,Moderate,40.92,Medium
2166,2025-04-20,21:00,Sunday,Yes,Keshwapur,15.3565,75.1325,Clear,758,34.7,0,39.97,Moderate,33.21,Low
2167,2025-02-15,20:00,Saturday,Yes,Airport Road,15.3705,75.096,Clear,743,36.7,0,38.16,Moderate,31.68,Low
2168,2025-04-17,12:00,Thursday,No,Unkal Lake Road,15.373,75.1115,Cloudy,100,44.0,0,10.57,Low,8.92,Low
2169,2025-01-19,08:00,Sunday,Yes,Keshwapur,15.3565,75.1325,Clear,637,40.0,0,32.28,Low,26.78,Low
2170,2025-02-08,08:00,Saturday,Yes,Unkal Lake Road,15.373,75.1115,Rain,659,35.8,0,35.74,Moderate,29.72,Low
2171,2025-02-02,01:00,Sunday,Yes,MG Road Junction,15.3647,75.1239,Clear,621,46.9,0,27.32,Low,22.55,Low
2172,2025-02-25,23:00,Tuesday,No,MG Road Junction,15.3647,75.1239,Cloudy,589,42.0,0,29.29,Low,24.29,Low
2173,2025-03-18,02:00,Tuesday,No,Keshwapur,15.3565,75.1325,Clear,515,47.1,0,23.41,Low,19.35,Low
2174,2025-01-11,22:00,Saturday,Yes,MG Road Junction,15.3647,75.1239,Cloudy,592,38.2,0,31.82,Low,26.45,Low
2175,2025-03-07,17:00,Friday,No,Vidya Nagar,15.37,75.119,Clear,834,41.5,0,38.36,Moderate,31.72,Low
2176,2025-04-22,20:00,Tuesday,No,Unkal Lake Road,15.373,75.1115,Clear,849,35.2,0,42.9,Moderate,35.59,Medium
2177,2025-04-15,10:00,Tuesday,No,Unkal Lake Road,15.373,75.1115,Rain,801,28.7,0,45.32,Moderate,37.74,Medium
2178,2025-02-11,14:00,Tuesday,No,Keshwapur,15.3565,75.1325,Clear,313,40.0,0,20.72,Low,17.32,Low
2179,2025-01-30,03:00,Thursday,No,MG Road Junction,15.3647,75.1239,Clear,786,27.0,0,45.87,Moderate,38.23,Medium
2180,2025-04-08,21:00,Tuesday,No,Hubballi Railway Station,15.3515,75.1387,Clear,1098,36.8,0,50.77,Moderate,41.99,Medium
2181,2025-03-08,19:00,Saturday,Yes,Old Bus Stand,15.3502,75.138,Cloudy,891,31.0,1,50.41,Moderate,47.44,Medium
2182,2025-02-21,17:00,Friday,No,Airport Road,15.3705,75.096,Clear,607,45.5,0,27.71,Low,22.91,Low
2183,2025-02-16,21:00,Sunday,Yes,Airport Road,15.3705,75.096,Rain,726,32.6,0,40.17,Moderate,33.42,Low
2184,2025-04-19,09:00,Saturday,Yes,Unkal Lake Road,15.373,75.1115,Clear,765,31.6,0,42.19,Moderate,35.1,Medium
2185,2025-04-08,07:00,Tuesday,No,Keshwapur,15.3565,75.1325,Clear,864,32.0,0,45.47,Moderate,37.78,Medium
2186,2025-02-19,14:00,Wednesday,No,Keshwapur,15.3565,75.1325,Cloudy,287,44.9,0,16.67,Low,13.89,Low
2187,2025-04-22,04:00,Tuesday,No,Vidya Nagar,15.37,75.119,Cloudy,427,34.8,0,28.09,Low,23.49,Low
2188,2025-02-11,21:00,Tuesday,No,Gokul Road,15.3652,75.1106,Rain,976,32.3,1,52.61,Moderate,49.22,Medium
2189,2025-01-02,11:00,Thursday,No,Old Bus Stand,15.3502,75.138,Fog,267,30.4,0,25.18,Low,21.22,Low
2190,2025-01-31,23:00,Friday,No,Gokul Road,15.3652,75.1106,Clear,372,40.1,1,26.09,Low,27.32,Low
2191,2025-03-15,12:00,Saturday,Yes,Unkal Lake Road,15.373,75.1115,Clear,235,45.7,0,14.31,Low,11.94,Low
2192,2025-01-15,16:00,Wednesday,No,Airport Road,15.3705,75.096,Clear,241,46.7,0,13.88,Low,11.56,Low
2193,2025-03-22,02:00,Saturday,Yes,Vidya Nagar,15.37,75.119,Cloudy,471,44.9,0,23.24,Low,19.26,Low
2194,2025-01-04,00:00,Saturday,Yes,Vidya Nagar,15.37,75.119,Rain,657,29.0,0,39.99,Moderate,33.37,Low
2195,2025-04-23,07:00,Wednesday,No,Vidya Nagar,15.37,75.119,Clear,882,35.0,0,44.21,Moderate,36.67,Medium
2196,2025-02-27,08:00,Thursday,No,Unkal Lake Road,15.373,75.1115,Clear,779,42.0,0,36.08,Moderate,29.84,Low
2197,2025-03-21,18:00,Friday,No,Gokul Road,15.3652,75.1106,Clear,978,33.7,0,48.46,Moderate,40.18,Medium
2198,2025-02-15,13:00,Saturday,Yes,Airport Road,15.3705,75.096,Rain,296,40.2,0,19.98,Low,16.72,Low
2199,2025-04-14,00:00,Monday,No,Vidya Nagar,15.37,75.119,Clear,593,40.7,0,30.26,Low,25.12,Low
2200,2025-01-30,11:00,Thursday,No,Airport Road,15.3705,75.096,Clear,331,48.8,0,15.76,Low,13.05,Low
2201,2025-03-17,04:00,Monday,No,MG Road Junction,15.3647,75.1239,Clear,448,40.2,0,25.41,Low,21.16,Low
2202,2025-04-19,16:00,Saturday,Yes,Keshwapur,15.3565,75.1325,Rain,603,29.4,0,37.81,Moderate,31.57,Low
2203,2025-02-09,19:00,Sunday,Yes,Keshwapur,15.3565,75.1325,Cloudy,731,34.4,0,39.2,Moderate,32.58,Low
2204,2025-04-17,20:00,Thursday,No,Airport Road,15.3705,75.096,Cloudy,808,38.0,1,42.99,Moderate,41.2,Medium
2205,2025-04-14,03:00,Monday,No,Hubballi Railway Station,15.3515,75.1387,Clear,436,35.9,0,27.72,Low,23.15,Low
2206,2025-01-07,15:00,Tuesday,No,Hubballi Railway Station,15.3515,75.1387,Clear,641,37.3,1,37.47,Moderate,36.71,Medium
2207,2025-04-02,12:00,Wednesday,No,Unkal Lake Road,15.373,75.1115,Cloudy,473,42.0,0,25.15,Low,20.9,Low
2208,2025-04-28,15:00,Monday,No,Unkal Lake Road,15.373,75.1115,Fog,510,30.1,0,34.05,Low,28.47,Low
2209,2025-03-14,07:00,Friday,No,Keshwapur,15.3565,75.1325,Clear,808,38.5,1,42.67,Moderate,40.93,Medium
2210,2025-03-08,01:00,Saturday,Yes,MG Road Junction,15.3647,75.1239,Clear,391,45.7,0,19.87,Low,16.49,Low
2211,2025-01-03,18:00,Friday,No,Old Bus Stand,15.3502,75.138,Clear,1299,32.5,0,60.68,High,50.21,Medium
2212,2025-04-12,04:00,Saturday,Yes,Gokul Road,15.3652,75.1106,Clear,335,37.3,0,23.22,Low,19.44,Low
2213,2025-01-03,09:00,Friday,No,Gokul Road,15.3652,75.1106,Rain,1176,27.6,0,59.41,Moderate,49.29,Medium
2214,2025-01-15,05:00,Wednesday,No,Unkal Lake Road,15.373,75.1115,Clear,613,40.5,0,31.11,Low,25.81,Low
2215,2025-02-18,01:00,Tuesday,No,MG Road Junction,15.3647,75.1239,Clear,241,43.3,0,16.05,Low,13.42,Low
2216,2025-04-26,14:00,Saturday,Yes,Unkal Lake Road,15.373,75.1115,Clear,258,45.8,0,15.06,Low,12.55,Low
2217,2025-02-19,19:00,Wednesday,No,Old Bus Stand,15.3502,75.138,Clear,1026,35.4,0,49.09,Moderate,40.65,Medium
2218,2025-04-28,09:00,Monday,No,Gokul Road,15.3652,75.1106,Clear,699,38.3,0,35.58,Moderate,29.52,Low
2219,2025-04-21,21:00,Monday,No,Airport Road,15.3705,75.096,Clear,668,35.1,1,39.84,Moderate,38.69,Medium
2220,2025-02-21,08:00,Friday,No,Unkal Lake Road,15.373,75.1115,Clear,634,39.4,0,32.56,Low,27.02,Low
2221,2025-04-11,01:00,Friday,No,Vidya Nagar,15.37,75.119,Cloudy,505,48.7,0,22.03,Low,18.18,Low
2222,2025-03-04,06:00,Tuesday,No,Airport Road,15.3705,75.096,Clear,169,44.2,0,12.9,Low,10.83,Low
2223,2025-03-17,21:00,Monday,No,Old Bus Stand,15.3502,75.138,Clear,1291,35.0,1,62.14,High,56.94,Medium
2224,2025-01-05,19:00,Sunday,Yes,Old Bus Stand,15.3502,75.138,Fog,897,28.2,0,49.07,Moderate,40.81,Medium
2225,2025-01-28,13:00,Tuesday,No,Unkal Lake Road,15.373,75.1115,Cloudy,257,41.4,0,17.83,Low,14.92,Low
2226,2025-03-03,01:00,Monday,No,Keshwapur,15.3565,75.1325,Cloudy,583,39.0,0,30.99,Low,25.75,Low
2227,2025-04-15,04:00,Tuesday,No,Unkal Lake Road,15.373,75.1115,Clear,433,42.2,1,26.93,Low,27.96,Low
2228,2025-03-19,20:00,Wednesday,No,Keshwapur,15.3565,75.1325,Clear,945,38.0,1,47.88,Moderate,45.2,Medium
2229,2025-04-08,06:00,Tuesday,No,Old Bus Stand,15.3502,75.138,Clear,385,52.4,0,15.4,Low,12.66,Low
2230,2025-02-12,08:00,Wednesday,No,MG Road Junction,15.3647,75.1239,Clear,1117,33.3,1,57.01,Moderate,52.79,Medium
2231,2025-01-13,22:00,Monday,No,Old Bus Stand,15.3502,75.138,Clear,503,36.4,0,29.79,Low,24.83,Low
2232,2025-01-09,15:00,Thursday,No,Gokul Road,15.3652,75.1106,Rain,498,29.7,0,33.87,Low,28.34,Low
2233,2025-04-22,01:00,Tuesday,No,Airport Road,15.3705,75.096,Clear,207,43.6,0,14.64,Low,12.26,Low
2234,2025-04-14,21:00,Monday,No,Airport Road,15.3705,75.096,Clear,630,35.1,0,35.15,Moderate,29.25,Low
2235,2025-04-24,05:00,Thursday,No,Hubballi Railway Station,15.3515,75.1387,Cloudy,423,44.6,0,21.72,Low,18.03,Low
2236,2025-01-27,08:00,Monday,No,Hubballi Railway Station,15.3515,75.1387,Clear,1156,34.8,0,54.11,Moderate,44.78,Medium
2237,2025-03-29,14:00,Saturday,Yes,Old Bus Stand,15.3502,75.138,Cloudy,500,40.7,0,26.95,Low,22.4,Low
2238,2025-01-28,08:00,Tuesday,No,Gokul Road,15.3652,75.1106,Cloudy,884,38.8,0,41.86,Moderate,34.65,Low
2239,2025-03-01,07:00,Saturday,Yes,Hubballi Railway Station,15.3515,75.1387,Cloudy,713,38.8,0,35.76,Moderate,29.66,Low
2240,2025-03-22,11:00,Saturday,Yes,Airport Road,15.3705,75.096,Fog,360,42.7,0,20.68,Low,17.22,Low
2241,2025-04-17,18:00,Thursday,No,Unkal Lake Road,15.373,75.1115,Clear,807,39.7,0,38.54,Moderate,31.91,Low
2242,2025-03-11,23:00,Tuesday,No,MG Road Junction,15.3647,75.1239,Clear,555,44.2,1,30.01,Low,30.43,Low
2243,2025-01-10,20:00,Friday,No,MG Road Junction,15.3647,75.1239,Rain,1107,22.4,0,60.26,High,50.11,Medium
2244,2025-01-15,11:00,Wednesday,No,Gokul Road,15.3652,75.1106,Cloudy,456,37.2,0,27.6,Low,23.03,Low
2245,2025-04-22,10:00,Tuesday,No,Old Bus Stand,15.3502,75.138,Clear,973,36.9,0,46.25,Moderate,38.29,Medium
2246,2025-01-27,05:00,Monday,No,Hubballi Railway Station,15.3515,75.1387,Rain,602,28.8,1,41.49,Moderate,40.2,Medium
2247,2025-03-06,04:00,Thursday,No,Unkal Lake Road,15.373,75.1115,Clear,447,39.5,0,25.82,Low,21.51,Low
2248,2025-03-25,11:00,Tuesday,No,MG Road Junction,15.3647,75.1239,Rain,752,37.7,0,37.85,Moderate,31.4,Low
2249,2025-02-22,23:00,Saturday,Yes,MG Road Junction,15.3647,75.1239,Clear,266,41.9,0,17.83,Low,14.91,Low
2250,2025-01-16,03:00,Thursday,No,Vidya Nagar,15.37,75.119,Clear,346,38.5,0,22.85,Low,19.1,Low
2251,2025-04-09,16:00,Wednesday,No,Old Bus Stand,15.3502,75.138,Rain,509,38.9,0,28.41,Low,23.65,Low
2252,2025-01-12,21:00,Sunday,Yes,Vidya Nagar,15.37,75.119,Clear,829,45.2,0,35.82,Moderate,29.55,Low
2253,2025-01-07,04:00,Tuesday,No,Airport Road,15.3705,75.096,Clear,557,37.3,0,31.14,Low,25.92,Low
2254,2025-02-16,03:00,Sunday,Yes,MG Road Junction,15.3647,75.1239,Clear,334,48.4,0,16.12,Low,13.35,Low
2255,2025-04-13,05:00,Sunday,Yes,Gokul Road,15.3652,75.1106,Fog,346,31.7,0,27.18,Low,22.81,Low
2256,2025-01-19,23:00,Sunday,Yes,Keshwapur,15.3565,75.1325,Rain,581,34.8,0,33.59,Low,27.98,Low
2257,2025-03-15,14:00,Saturday,Yes,Keshwapur,15.3565,75.1325,Cloudy,259,44.3,0,16.05,Low,13.4,Low
2258,2025-02-03,07:00,Monday,No,Unkal Lake Road,15.373,75.1115,Cloudy,830,33.8,1,46.45,Moderate,44.13,Medium
2259,2025-02-19,08:00,Wednesday,No,MG Road Junction,15.3647,75.1239,Rain,1152,31.1,0,56.33,Moderate,46.68,Medium
2260,2025-02-12,04:00,Wednesday,No,MG Road Junction,15.3647,75.1239,Clear,257,38.4,0,19.74,Low,16.56,Low
2261,2025-04-28,23:00,Monday,No,Airport Road,15.3705,75.096,Clear,211,46.0,0,13.26,Low,11.07,Low
2262,2025-04-15,11:00,Tuesday,No,MG Road Junction,15.3647,75.1239,Cloudy,467,46.1,0,22.33,Low,18.49,Low
2263,2025-03-05,11:00,Wednesday,No,Gokul Road,15.3652,75.1106,Clear,639,42.6,0,30.7,Low,25.42,Low
2264,2025-04-27,01:00,Sunday,Yes,Vidya Nagar,15.37,75.119,Clear,211,47.2,0,12.49,Low,10.42,Low
2265,2025-04-17,12:00,Thursday,No,MG Road Junction,15.3647,75.1239,Clear,438,48.5,0,19.77,Low,16.34,Low
2266,2025-01-21,00:00,Tuesday,No,MG Road Junction,15.3647,75.1239,Clear,549,39.8,0,29.27,Low,24.32,Low
2267,2025-03-12,06:00,Wednesday,No,Airport Road,15.3705,75.096,Rain,295,33.0,0,24.53,Low,20.61,Low
2268,2025-04-01,01:00,Tuesday,No,Old Bus Stand,15.3502,75.138,Clear,528,41.5,0,27.44,Low,22.78,Low
2269,2025-04-27,12:00,Sunday,Yes,Hubballi Railway Station,15.3515,75.1387,Cloudy,165,45.3,1,15.4,Low,18.44,Low
2270,2025-03-08,17:00,Saturday,Yes,Old Bus Stand,15.3502,75.138,Clear,880,27.8,0,48.72,Moderate,40.53,Medium
2271,2025-04-11,08:00,Friday,No,Airport Road,15.3705,75.096,Clear,596,35.6,0,33.62,Low,27.99,Low
2272,2025-01-15,04:00,Wednesday,No,Old Bus Stand,15.3502,75.138,Clear,354,38.3,0,23.26,Low,19.45,Low
2273,2025-04-28,09:00,Monday,No,Airport Road,15.3705,75.096,Cloudy,702,35.4,0,37.53,Moderate,31.19,Low
2274,2025-03-25,18:00,Tuesday,No,Gokul Road,15.3652,75.1106,Cloudy,1106,31.8,1,57.57,Moderate,53.29,Medium
2275,2025-04-28,00:00,Monday,No,Unkal Lake Road,15.373,75.1115,Rain,529,34.7,0,31.8,Low,26.52,Low
2276,2025-04-15,00:00,Tuesday,No,MG Road Junction,15.3647,75.1239,Cloudy,549,37.6,0,30.67,Low,25.52,Low
2277,2025-03-19,18:00,Wednesday,No,Airport Road,15.3705,75.096,Cloudy,734,33.2,0,40.07,Moderate,33.33,Low
2278,2025-02-04,18:00,Tuesday,No,Airport Road,15.3705,75.096,Cloudy,750,39.5,1,39.97,Moderate,38.69,Medium
2279,2025-02-20,03:00,Thursday,No,Hubballi Railway Station,15.3515,75.1387,Rain,679,34.4,0,37.34,Moderate,31.06,Low
2280,2025-03-13,21:00,Thursday,No,Airport Road,15.3705,75.096,Cloudy,674,39.6,0,33.86,Low,28.08,Low
2281,2025-03-12,09:00,Wednesday,No,Keshwapur,15.3565,75.1325,Clear,985,42.0,0,43.43,Moderate,35.85,Medium
2282,2025-01-13,22:00,Monday,No,Unkal Lake Road,15.373,75.1115,Clear,284,44.9,0,16.56,Low,13.8,Low
2283,2025-01-11,21:00,Saturday,Yes,MG Road Junction,15.3647,75.1239,Cloudy,1015,33.0,0,50.23,Moderate,41.64,Medium
2284,2025-03-02,02:00,Sunday,Yes,MG Road Junction,15.3647,75.1239,Cloudy,521,40.6,1,31.09,Low,31.4,Low
2285,2025-01-17,21:00,Friday,No,Hubballi Railway Station,15.3515,75.1387,Clear,1357,30.3,1,67.48,High,61.43,High
2286,2025-04-02,06:00,Wednesday,No,Gokul Road,15.3652,75.1106,Rain,663,36.6,0,35.37,Moderate,29.4,Low
2287,2025-01-15,05:00,Wednesday,No,MG Road Junction,15.3647,75.1239,Fog,653,31.1,0,38.52,Moderate,32.11,Low
2288,2025-02-25,19:00,Tuesday,No,Keshwapur,15.3565,75.1325,Clear,747,30.3,0,42.38,Moderate,35.29,Medium
2289,2025-01-11,03:00,Saturday,Yes,MG Road Junction,15.3647,75.1239,Rain,664,32.4,0,38.08,Moderate,31.72,Low
2290,2025-01-21,09:00,Tuesday,No,Keshwapur,15.3565,75.1325,Clear,1053,34.0,0,50.95,Moderate,42.2,Medium
2291,2025-01-01,11:00,Wednesday,No,Unkal Lake Road,15.373,75.1115,Clear,529,46.2,0,24.48,Low,20.25,Low
2292,2025-01-24,08:00,Friday,No,Unkal Lake Road,15.373,75.1115,Clear,751,34.8,1,42.99,Moderate,41.28,Medium
2293,2025-01-02,17:00,Thursday,No,Vidya Nagar,15.37,75.119,Clear,815,30.6,0,44.62,Moderate,37.11,Medium
2294,2025-04-24,13:00,Thursday,No,Vidya Nagar,15.37,75.119,Rain,398,38.0,1,28.36,Low,29.23,Low
2295,2025-01-25,17:00,Saturday,Yes,Keshwapur,15.3565,75.1325,Clear,611,43.3,0,29.25,Low,24.22,Low
2296,2025-03-02,12:00,Sunday,Yes,Gokul Road,15.3652,75.1106,Clear,365,41.6,0,21.55,Low,17.97,Low
2297,2025-03-18,02:00,Tuesday,No,MG Road Junction,15.3647,75.1239,Clear,256,54.1,0,9.71,Low,7.97,Low
2298,2025-03-12,13:00,Wednesday,No,Airport Road,15.3705,75.096,Clear,263,53.1,0,10.6,Low,8.72,Low
2299,2025-01-06,13:00,Monday,No,MG Road Junction,15.3647,75.1239,Clear,531,40.6,0,28.12,Low,23.36,Low
2300,2025-02-09,11:00,Sunday,Yes,Vidya Nagar,15.37,75.119,Cloudy,324,44.4,0,18.31,Low,15.24,Low
2301,2025-01-04,00:00,Saturday,Yes,Old Bus Stand,15.3502,75.138,Clear,243,50.2,0,11.73,Low,9.71,Low
2302,2025-01-17,14:00,Friday,No,Airport Road,15.3705,75.096,Rain,337,38.1,0,22.78,Low,19.06,Low
2303,2025-03-01,12:00,Saturday,Yes,Keshwapur,15.3565,75.1325,Rain,330,35.4,0,24.25,Low,20.33,Low
2304,2025-04-20,09:00,Sunday,Yes,Airport Road,15.3705,75.096,Clear,505,44.8,0,24.51,Low,20.31,Low
2305,2025-01-06,09:00,Monday,No,Old Bus Stand,15.3502,75.138,Rain,1391,26.3,1,71.24,High,64.61,High
2306,2025-03-17,11:00,Monday,No,MG Road Junction,15.3647,75.1239,Clear,676,35.8,0,36.35,Moderate,30.21,Low
2307,2025-03-25,09:00,Tuesday,No,MG Road Junction,15.3647,75.1239,Clear,1067,34.9,1,54.21,Moderate,50.46,Medium
2308,2025-01-12,01:00,Sunday,Yes,Gokul Road,15.3652,75.1106,Clear,444,41.4,1,27.83,Low,28.72,Low
2309,2025-03-07,00:00,Friday,No,Hubballi Railway Station,15.3515,75.1387,Clear,640,37.9,0,33.72,Low,28.02,Low
2310,2025-03-24,17:00,Monday,No,Airport Road,15.3705,75.096,Clear,778,34.5,1,44.15,Moderate,42.23,Medium
2311,2025-02-03,00:00,Monday,No,Vidya Nagar,15.37,75.119,Cloudy,369,43.6,0,20.42,Low,16.99,Low
2312,2025-04-06,20:00,Sunday,Yes,Old Bus Stand,15.3502,75.138,Clear,682,37.8,0,35.29,Moderate,29.3,Low
2313,2025-02-24,16:00,Monday,No,Old Bus Stand,15.3502,75.138,Cloudy,468,42.9,0,24.4,Low,20.27,Low
2314,2025-01-07,19:00,Tuesday,No,Old Bus Stand,15.3502,75.138,Clear,1167,35.7,0,53.93,Moderate,44.61,Medium
2315,2025-01-04,22:00,Saturday,Yes,Vidya Nagar,15.37,75.119,Cloudy,284,45.1,0,16.44,Low,13.69,Low
2316,2025-03-17,05:00,Monday,No,Hubballi Railway Station,15.3515,75.1387,Clear,337,44.5,1,22.04,Low,23.9,Low
2317,2025-02-17,05:00,Monday,No,MG Road Junction,15.3647,75.1239,Clear,260,42.4,0,17.3,Low,14.47,Low
2318,2025-04-10,07:00,Thursday,No,Gokul Road,15.3652,75.1106,Clear,928,40.3,2,49.14,Moderate,51.78,Medium
2319,2025-02-04,05:00,Tuesday,No,Gokul Road,15.3652,75.1106,Clear,332,40.2,0,21.27,Low,17.77,Low
2320,2025-01-10,21:00,Friday,No,Vidya Nagar,15.37,75.119,Clear,804,30.8,0,44.1,Moderate,36.68,Medium
2321,2025-04-12,04:00,Saturday,Yes,Gokul Road,15.3652,75.1106,Rain,687,29.6,0,40.68,Moderate,33.92,Low
2322,2025-04-16,10:00,Wednesday,No,Old Bus Stand,15.3502,75.138,Clear,964,39.3,1,47.73,Moderate,45.05,Medium
2323,2025-03-23,16:00,Sunday,Yes,Unkal Lake Road,15.373,75.1115,Cloudy,208,47.1,0,12.45,Low,10.38,Low
2324,2025-02-13,16:00,Thursday,No,Hubballi Railway Station,15.3515,75.1387,Cloudy,539,46.1,2,31.57,Low,37.26,Medium
2325,2025-03-11,20:00,Tuesday,No,MG Road Junction,15.3647,75.1239,Rain,1500,17.7,1,80.61,Severe,72.48,High
2326,2025-04-16,09:00,Wednesday,No,Unkal Lake Road,15.373,75.1115,Clear,725,47.6,2,37.25,Moderate,41.87,Medium
2327,2025-02-10,03:00,Monday,No,Hubballi Railway Station,15.3515,75.1387,Clear,158,44.8,0,12.13,Low,10.18,Low
2328,2025-01-23,08:00,Thursday,No,Keshwapur,15.3565,75.1325,Rain,1105,21.2,0,60.95,High,50.7,Medium
2329,2025-03-08,19:00,Saturday,Yes,Airport Road,15.3705,75.096,Cloudy,590,48.9,0,24.94,Low,20.56,Low
2330,2025-03-24,11:00,Monday,No,Vidya Nagar,15.37,75.119,Clear,416,37.2,0,26.17,Low,21.86,Low
2331,2025-01-06,07:00,Monday,No,Old Bus Stand,15.3502,75.138,Clear,941,33.9,0,47.01,Moderate,38.99,Medium
2332,2025-01-04,19:00,Saturday,Yes,Gokul Road,15.3652,75.1106,Clear,668,38.3,1,37.8,Moderate,36.95,Medium
2333,2025-01-23,14:00,Thursday,No,Keshwapur,15.3565,75.1325,Cloudy,647,41.1,1,35.27,Moderate,34.81,Low
2334,2025-02-05,05:00,Wednesday,No,Gokul Road,15.3652,75.1106,Cloudy,222,41.9,0,16.26,Low,13.63,Low
2335,2025-03-12,01:00,Wednesday,No,Unkal Lake Road,15.373,75.1115,Clear,336,47.7,0,16.64,Low,13.79,Low
2336,2025-03-19,03:00,Wednesday,No,MG Road Junction,15.3647,75.1239,Cloudy,468,44.8,0,23.19,Low,19.23,Low
2337,2025-04-14,22:00,Monday,No,MG Road Junction,15.3647,75.1239,Cloudy,645,39.5,0,32.88,Low,27.29,Low
2338,2025-01-17,05:00,Friday,No,MG Road Junction,15.3647,75.1239,Clear,702,43.9,0,32.12,Low,26.55,Low
2339,2025-04-24,07:00,Thursday,No,Old Bus Stand,15.3502,75.138,Cloudy,940,35.2,0,46.15,Moderate,38.25,Medium
2340,2025-03-20,12:00,Thursday,No,Gokul Road,15.3652,75.1106,Rain,619,33.6,0,35.71,Moderate,29.75,Low
2341,2025-01-02,18:00,Thursday,No,Keshwapur,15.3565,75.1325,Clear,986,42.8,0,42.96,Moderate,35.45,Medium
2342,2025-01-11,13:00,Saturday,Yes,MG Road Junction,15.3647,75.1239,Rain,681,35.1,0,36.97,Moderate,30.74,Low
2343,2025-02-15,03:00,Saturday,Yes,Keshwapur,15.3565,75.1325,Clear,485,37.6,0,28.38,Low,23.65,Low
2344,2025-04-23,22:00,Wednesday,No,Gokul Road,15.3652,75.1106,Clear,399,39.3,0,24.23,Low,20.22,Low
2345,2025-04-15,18:00,Tuesday,No,Old Bus Stand,15.3502,75.138,Clear,1087,33.6,0,52.41,Moderate,43.42,Medium
2346,2025-04-08,06:00,Tuesday,No,Unkal Lake Road,15.373,75.1115,Clear,410,32.9,0,28.7,Low,24.03,Low
2347,2025-03-06,04:00,Thursday,No,Old Bus Stand,15.3502,75.138,Clear,470,39.2,1,30.16,Low,30.68,Low
2348,2025-03-23,09:00,Sunday,Yes,Keshwapur,15.3565,75.1325,Clear,751,37.6,0,37.88,Moderate,31.42,Low
2349,2025-04-28,17:00,Monday,No,Old Bus Stand,15.3502,75.138,Rain,1149,27.0,0,58.83,Moderate,48.83,Medium
2350,2025-04-10,16:00,Thursday,No,Old Bus Stand,15.3502,75.138,Clear,508,36.2,0,30.09,Low,25.09,Low
2351,2025-01-27,17:00,Monday,No,Unkal Lake Road,15.373,75.1115,Cloudy,634,37.8,0,33.57,Low,27.9,Low
2352,2025-04-12,05:00,Saturday,Yes,Gokul Road,15.3652,75.1106,Clear,243,49.5,0,12.17,Low,10.1,Low
2353,2025-01-29,17:00,Wednesday,No,Gokul Road,15.3652,75.1106,Rain,1229,30.5,1,62.79,High,57.59,Medium
2354,2025-02-23,04:00,Sunday,Yes,Vidya Nagar,15.37,75.119,Cloudy,174,46.1,0,11.87,Low,9.94,Low
2355,2025-03-23,06:00,Sunday,Yes,Old Bus Stand,15.3502,75.138,Clear,445,41.8,1,27.62,Low,28.53,Low
2356,2025-02-14,23:00,Friday,No,Gokul Road,15.3652,75.1106,Cloudy,461,41.2,0,25.24,Low,20.99,Low
2357,2025-03-03,22:00,Monday,No,Gokul Road,15.3652,75.1106,Clear,613,40.8,1,34.25,Low,33.98,Low
2358,2025-01-20,00:00,Monday,No,Hubballi Railway Station,15.3515,75.1387,Cloudy,588,40.6,1,33.48,Low,33.36,Low
2359,2025-02-10,22:00,Monday,No,MG Road Junction,15.3647,75.1239,Clear,450,43.3,0,23.51,Low,19.52,Low
2360,2025-03-30,18:00,Sunday,Yes,Vidya Nagar,15.37,75.119,Cloudy,641,41.5,0,31.47,Low,26.08,Low
2361,2025-02-16,18:00,Sunday,Yes,Airport Road,15.3705,75.096,Cloudy,362,38.3,0,23.55,Low,19.68,Low
2362,2025-01-07,04:00,Tuesday,No,Vidya Nagar,15.37,75.119,Clear,390,41.6,0,22.45,Low,18.7,Low
2363,2025-02-26,08:00,Wednesday,No,Vidya Nagar,15.37,75.119,Clear,661,40.0,1,36.47,Moderate,35.82,Medium
2364,2025-02-19,03:00,Wednesday,No,Airport Road,15.3705,75.096,Rain,436,33.3,0,29.37,Low,24.57,Low
2365,2025-01-08,21:00,Wednesday,No,Hubballi Railway Station,15.3515,75.1387,Clear,954,32.6,0,48.3,Moderate,40.08,Medium
2366,2025-02-06,18:00,Thursday,No,Old Bus Stand,15.3502,75.138,Clear,903,35.1,1,48.23,Moderate,45.56,Medium
2367,2025-04-07,06:00,Monday,No,Unkal Lake Road,15.373,75.1115,Clear,496,40.7,1,30.14,Low,30.62,Low
2368,2025-01-17,15:00,Friday,No,Gokul Road,15.3652,75.1106,Clear,298,44.9,0,17.06,Low,14.21,Low
2369,2025-04-28,03:00,Monday,No,MG Road Junction,15.3647,75.1239,Fog,374,31.6,1,31.57,Low,32.02,Low
2370,2025-01-26,08:00,Sunday,Yes,Keshwapur,15.3565,75.1325,Clear,611,43.7,0,29.0,Low,24.01,Low
2371,2025-03-16,19:00,Sunday,Yes,Old Bus Stand,15.3502,75.138,Clear,733,37.5,0,37.3,Moderate,30.95,Low
2372,2025-03-10,06:00,Monday,No,Airport Road,15.3705,75.096,Cloudy,252,45.2,0,15.23,Low,12.7,Low
2373,2025-03-07,15:00,Friday,No,Unkal Lake Road,15.373,75.1115,Rain,451,35.5,0,28.51,Low,23.81,Low
2374,2025-04-29,00:00,Tuesday,No,Old Bus Stand,15.3502,75.138,Clear,528,41.9,0,27.18,Low,22.56,Low
2375,2025-03-31,12:00,Monday,No,Airport Road,15.3705,75.096,Clear,403,49.3,0,18.01,Low,14.88,Low
2376,2025-02-27,14:00,Thursday,No,Gokul Road,15.3652,75.1106,Rain,677,32.5,0,38.48,Moderate,32.04,Low
2377,2025-02-28,11:00,Friday,No,Hubballi Railway Station,15.3515,75.1387,Cloudy,222,42.9,0,15.62,Low,13.08,Low
2378,2025-02-04,03:00,Tuesday,No,Old Bus Stand,15.3502,75.138,Clear,539,37.5,0,30.37,Low,25.29,Low
2379,2025-02-04,03:00,Tuesday,No,Airport Road,15.3705,75.096,Clear,381,42.7,0,21.43,Low,17.83,Low
2380,2025-01-18,11:00,Saturday,Yes,Gokul Road,15.3652,75.1106,Clear,278,44.0,0,16.92,Low,14.12,Low
2381,2025-01-06,03:00,Monday,No,Gokul Road,15.3652,75.1106,Clear,700,38.9,0,35.23,Moderate,29.22,Low
2382,2025-01-18,13:00,Saturday,Yes,Hubballi Railway Station,15.3515,75.1387,Clear,542,42.6,1,30.57,Low,30.92,Low
2383,2025-03-04,20:00,Tuesday,No,Vidya Nagar,15.37,75.119,Rain,954,31.6,1,52.27,Moderate,48.96,Medium
2384,2025-03-08,13:00,Saturday,Yes,Old Bus Stand,15.3502,75.138,Clear,295,44.0,0,17.53,Low,14.61,Low
2385,2025-02-01,23:00,Saturday,Yes,Old Bus Stand,15.3502,75.138,Cloudy,611,47.7,0,26.45,Low,21.82,Low
2386,2025-03-27,04:00,Thursday,No,Vidya Nagar,15.37,75.119,Clear,403,45.4,1,23.83,Low,25.34,Low
2387,2025-04-16,10:00,Wednesday,No,MG Road Junction,15.3647,75.1239,Cloudy,1048,29.7,1,56.84,Moderate,52.74,Medium
2388,2025-04-17,22:00,Thursday,No,MG Road Junction,15.3647,75.1239,Cloudy,528,34.8,0,31.7,Low,26.44,Low
2389,2025-04-02,18:00,Wednesday,No,Vidya Nagar,15.37,75.119,Clear,1124,30.2,0,55.9,Moderate,46.35,Medium
2390,2025-03-31,03:00,Monday,No,Unkal Lake Road,15.373,75.1115,Clear,346,44.0,0,19.35,Low,16.1,Low
2391,2025-03-06,13:00,Thursday,No,Keshwapur,15.3565,75.1325,Clear,447,38.9,0,26.2,Low,21.84,Low
2392,2025-04-15,06:00,Tuesday,No,Gokul Road,15.3652,75.1106,Rain,479,34.1,0,30.4,Low,25.39,Low
2393,2025-03-15,12:00,Saturday,Yes,Keshwapur,15.3565,75.1325,Rain,420,37.5,0,26.13,Low,21.81,Low
2394,2025-03-27,04:00,Thursday,No,Gokul Road,15.3652,75.1106,Clear,332,42.2,0,19.99,Low,16.68,Low
2395,2025-04-21,05:00,Monday,No,Vidya Nagar,15.37,75.119,Clear,310,35.7,1,26.68,Low,27.91,Low
2396,2025-01-22,05:00,Wednesday,No,MG Road Junction,15.3647,75.1239,Clear,247,49.0,0,12.63,Low,10.49,Low
2397,2025-02-20,06:00,Thursday,No,Unkal Lake Road,15.373,75.1115,Cloudy,463,45.2,0,22.76,Low,18.87,Low
2398,2025-01-17,01:00,Friday,No,MG Road Junction,15.3647,75.1239,Clear,541,35.6,1,34.99,Low,34.71,Low
2399,2025-03-08,13:00,Saturday,Yes,Keshwapur,15.3565,75.1325,Clear,382,43.1,0,21.21,Low,17.65,Low
2400,2025-04-13,04:00,Sunday,Yes,MG Road Junction,15.3647,75.1239,Clear,396,38.3,0,24.76,Low,20.67,Low
2401,2025-04-06,13:00,Sunday,Yes,Vidya Nagar,15.37,75.119,Clear,324,41.2,0,20.35,Low,16.99,Low
2402,2025-01-31,21:00,Friday,No,Unkal Lake Road,15.373,75.1115,Cloudy,952,37.3,0,45.24,Moderate,37.45,Medium
2403,2025-04-23,20:00,Wednesday,No,Keshwapur,15.3565,75.1325,Clear,850,39.9,1,43.28,Moderate,41.39,Medium
2404,2025-04-23,09:00,Wednesday,No,Unkal Lake Road,15.373,75.1115,Cloudy,768,40.9,0,36.38,Moderate,30.12,Low
2405,2025-03-21,15:00,Friday,No,Old Bus Stand,15.3502,75.138,Clear,524,42.0,0,26.97,Low,22.39,Low
2406,2025-03-02,06:00,Sunday,Yes,Gokul Road,15.3652,75.1106,Clear,524,46.1,1,27.7,Low,28.49,Low
2407,2025-02-07,12:00,Friday,No,MG Road Junction,15.3647,75.1239,Cloudy,583,37.8,0,31.75,Low,26.41,Low
2408,2025-03-30,00:00,Sunday,Yes,Unkal Lake Road,15.373,75.1115,Fog,340,33.9,0,25.56,Low,21.44,Low
2409,2025-04-05,04:00,Saturday,Yes,Hubballi Railway Station,15.3515,75.1387,Cloudy,206,34.9,0,20.14,Low,16.98,Low
2410,2025-03-25,17:00,Tuesday,No,Old Bus Stand,15.3502,75.138,Clear,912,35.5,0,44.96,Moderate,37.27,Medium
2411,2025-01-11,01:00,Saturday,Yes,MG Road Junction,15.3647,75.1239,Clear,229,47.3,0,13.07,Low,10.89,Low
2412,2025-04-16,20:00,Wednesday,No,Gokul Road,15.3652,75.1106,Rain,780,33.7,0,41.39,Moderate,34.4,Low
2413,2025-04-10,09:00,Thursday,No,Unkal Lake Road,15.373,75.1115,Clear,780,35.1,0,40.5,Moderate,33.63,Low
2414,2025-03-26,04:00,Wednesday,No,Keshwapur,15.3565,75.1325,Clear,416,45.8,0,20.7,Low,17.17,Low
2415,2025-01-08,04:00,Wednesday,No,Gokul Road,15.3652,75.1106,Rain,647,34.1,0,36.39,Moderate,30.29,Low
2416,2025-01-28,23:00,Tuesday,No,Hubballi Railway Station,15.3515,75.1387,Rain,620,37.8,1,36.41,Moderate,35.82,Medium
2417,2025-01-07,19:00,Tuesday,No,Unkal Lake Road,15.373,75.1115,Fog,805,31.2,1,47.21,Moderate,44.82,Medium
2418,2025-01-20,08:00,Monday,No,Airport Road,15.3705,75.096,Rain,925,36.4,1,48.18,Moderate,45.49,Medium
2419,2025-01-21,16:00,Tuesday,No,Airport Road,15.3705,75.096,Rain,458,38.3,0,26.97,Low,22.48,Low
2420,2025-01-30,03:00,Thursday,No,Vidya Nagar,15.37,75.119,Clear,483,44.0,0,24.24,Low,20.1,Low
2421,2025-04-12,18:00,Saturday,Yes,MG Road Junction,15.3647,75.1239,Clear,807,36.9,0,40.32,Moderate,33.44,Low
2422,2025-01-30,06:00,Thursday,No,Keshwapur,15.3565,75.1325,Cloudy,557,38.6,0,30.32,Low,25.21,Low
2423,2025-03-22,20:00,Saturday,Yes,Vidya Nagar,15.37,75.119,Clear,522,43.0,0,26.27,Low,21.79,Low
2424,2025-04-09,03:00,Wednesday,No,Unkal Lake Road,15.373,75.1115,Clear,173,51.7,0,8.27,Low,6.85,Low
2425,2025-03-16,15:00,Sunday,Yes,Airport Road,15.3705,75.096,Clear,469,39.3,1,30.06,Low,30.59,Low
2426,2025-01-08,14:00,Wednesday,No,Airport Road,15.3705,75.096,Clear,517,40.1,0,27.93,Low,23.22,Low
2427,2025-01-27,04:00,Monday,No,Airport Road,15.3705,75.096,Cloudy,148,46.1,0,10.95,Low,9.18,Low
2428,2025-04-17,13:00,Thursday,No,Unkal Lake Road,15.373,75.1115,Clear,365,45.9,0,18.82,Low,15.62,Low
2429,2025-03-14,03:00,Friday,No,Airport Road,15.3705,75.096,Clear,352,44.7,0,19.12,Low,15.9,Low
2430,2025-01-23,17:00,Thursday,No,Gokul Road,15.3652,75.1106,Clear,1096,37.0,0,50.57,Moderate,41.82,Medium
2431,2025-03-08,03:00,Saturday,Yes,Old Bus Stand,15.3502,75.138,Cloudy,623,47.6,0,26.94,Low,22.23,Low
2432,2025-01-26,23:00,Sunday,Yes,Unkal Lake Road,15.373,75.1115,Clear,175,43.1,1,17.15,Low,19.93,Low
2433,2025-01-25,17:00,Saturday,Yes,Keshwapur,15.3565,75.1325,Clear,610,42.3,0,29.85,Low,24.74,Low
2434,2025-01-31,23:00,Friday,No,Old Bus Stand,15.3502,75.138,Cloudy,486,42.8,1,28.44,Low,29.18,Low
2435,2025-03-15,16:00,Saturday,Yes,Vidya Nagar,15.37,75.119,Clear,203,45.4,0,13.35,Low,11.16,Low
2436,2025-03-02,19:00,Sunday,Yes,Keshwapur,15.3565,75.1325,Clear,388,45.3,0,20.02,Low,16.62,Low
2437,2025-03-23,04:00,Sunday,Yes,Old Bus Stand,15.3502,75.138,Clear,347,42.3,0,20.47,Low,17.06,Low
2438,2025-04-19,09:00,Saturday,Yes,Hubballi Railway Station,15.3515,75.1387,Clear,895,37.4,0,43.14,Moderate,35.74,Medium
2439,2025-03-28,04:00,Friday,No,Airport Road,15.3705,75.096,Rain,456,31.7,0,31.1,Low,26.03,Low
2440,2025-04-19,09:00,Saturday,Yes,Hubballi Railway Station,15.3515,75.1387,Clear,861,34.4,0,43.84,Moderate,36.38,Medium
2441,2025-04-12,20:00,Saturday,Yes,MG Road Junction,15.3647,75.1239,Cloudy,924,39.9,0,42.59,Moderate,35.22,Medium
2442,2025-04-22,08:00,Tuesday,No,MG Road Junction,15.3647,75.1239,Clear,881,40.3,0,40.8,Moderate,33.74,Low
2443,2025-01-05,08:00,Sunday,Yes,Old Bus Stand,15.3502,75.138,Clear,768,38.8,1,41.05,Moderate,39.6,Medium
2444,2025-04-04,07:00,Friday,No,Hubballi Railway Station,15.3515,75.1387,Cloudy,772,35.9,0,39.71,Moderate,32.96,Low
2445,2025-01-01,16:00,Wednesday,No,Unkal Lake Road,15.373,75.1115,Clear,314,47.1,0,16.23,Low,13.48,Low
2446,2025-01-17,08:00,Friday,No,Keshwapur,15.3565,75.1325,Clear,907,40.9,0,41.34,Moderate,34.18,Low
2447,2025-01-18,16:00,Saturday,Yes,Hubballi Railway Station,15.3515,75.1387,Clear,386,41.2,0,22.56,Low,18.8,Low
2448,2025-04-01,16:00,Tuesday,No,MG Road Junction,15.3647,75.1239,Clear,325,37.8,0,22.55,Low,18.87,Low
2449,2025-01-24,19:00,Friday,No,Hubballi Railway Station,15.3515,75.1387,Cloudy,889,37.9,0,42.61,Moderate,35.29,Medium
2450,2025-03-28,12:00,Friday,No,Unkal Lake Road,15.373,75.1115,Clear,400,46.3,1,23.15,Low,24.76,Low
2451,2025-02-16,16:00,Sunday,Yes,Hubballi Railway Station,15.3515,75.1387,Rain,624,37.0,1,37.06,Moderate,36.37,Medium
2452,2025-01-11,01:00,Saturday,Yes,Keshwapur,15.3565,75.1325,Cloudy,324,49.9,0,14.81,Low,12.24,Low
2453,2025-04-05,23:00,Saturday,Yes,Vidya Nagar,15.37,75.119,Clear,286,50.5,1,16.4,Low,19.14,Low
2454,2025-02-02,20:00,Sunday,Yes,Unkal Lake Road,15.373,75.1115,Clear,707,37.4,0,36.43,Moderate,30.25,Low
2455,2025-01-30,18:00,Thursday,No,MG Road Junction,15.3647,75.1239,Clear,977,35.8,1,50.42,Moderate,47.34,Medium
2456,2025-02-01,14:00,Saturday,Yes,Keshwapur,15.3565,75.1325,Cloudy,576,38.3,0,31.19,Low,25.93,Low
2457,2025-04-29,17:00,Tuesday,No,Hubballi Railway Station,15.3515,75.1387,Clear,853,32.5,0,44.76,Moderate,37.18,Medium
2458,2025-02-02,07:00,Sunday,Yes,Hubballi Railway Station,15.3515,75.1387,Rain,1042,25.3,1,59.42,Moderate,54.96,Medium
2459,2025-04-26,13:00,Saturday,Yes,Vidya Nagar,15.37,75.119,Clear,379,45.8,0,19.38,Low,16.09,Low
2460,2025-04-04,15:00,Friday,No,MG Road Junction,15.3647,75.1239,Rain,998,30.9,1,54.29,Moderate,50.62,Medium
2461,2025-01-04,06:00,Saturday,Yes,MG Road Junction,15.3647,75.1239,Clear,236,48.4,1,15.96,Low,18.82,Low
2462,2025-02-05,15:00,Wednesday,No,Gokul Road,15.3652,75.1106,Rain,274,49.5,0,13.28,Low,11.0,Low
2463,2025-04-15,18:00,Tuesday,No,MG Road Junction,15.3647,75.1239,Clear,1279,32.9,0,59.71,Moderate,49.4,Medium
2464,2025-04-20,12:00,Sunday,Yes,Vidya Nagar,15.37,75.119,Clear,144,42.9,0,12.84,Low,10.81,Low
2465,2025-03-01,23:00,Saturday,Yes,Airport Road,15.3705,75.096,Clear,323,47.8,0,16.11,Low,13.36,Low
2466,2025-04-15,00:00,Tuesday,No,Gokul Road,15.3652,75.1106,Clear,634,36.3,1,37.86,Moderate,37.05,Medium
2467,2025-03-30,22:00,Sunday,Yes,Gokul Road,15.3652,75.1106,Fog,420,41.4,0,23.64,Low,19.68,Low
2468,2025-03-31,12:00,Monday,No,Hubballi Railway Station,15.3515,75.1387,Clear,528,33.1,1,36.11,Moderate,35.7,Medium
2469,2025-02-12,23:00,Wednesday,No,Hubballi Railway Station,15.3515,75.1387,Clear,552,38.5,1,33.53,Low,33.45,Low
2470,2025-02-05,04:00,Wednesday,No,MG Road Junction,15.3647,75.1239,Cloudy,643,41.9,0,31.29,Low,25.92,Low
2471,2025-01-04,14:00,Saturday,Yes,Gokul Road,15.3652,75.1106,Clear,449,46.7,1,24.64,Low,25.97,Low
2472,2025-03-29,02:00,Saturday,Yes,Old Bus Stand,15.3502,75.138,Clear,208,42.5,0,15.38,Low,12.89,Low
2473,2025-01-17,23:00,Friday,No,Hubballi Railway Station,15.3515,75.1387,Cloudy,756,34.5,0,40.03,Moderate,33.26,Low
2474,2025-04-23,23:00,Wednesday,No,Vidya Nagar,15.37,75.119,Clear,411,43.1,0,22.24,Low,18.49,Low
2475,2025-03-11,12:00,Tuesday,No,Old Bus Stand,15.3502,75.138,Rain,679,41.6,0,32.76,Low,27.14,Low
2476,2025-01-07,03:00,Tuesday,No,Hubballi Railway Station,15.3515,75.1387,Clear,597,33.9,0,34.73,Low,28.94,Low
2477,2025-04-07,20:00,Monday,No,Unkal Lake Road,15.373,75.1115,Clear,902,34.7,0,45.11,Moderate,37.41,Medium
2478,2025-01-10,15:00,Friday,No,Unkal Lake Road,15.373,75.1115,Cloudy,481,42.6,1,28.39,Low,29.14,Low
2479,2025-03-23,06:00,Sunday,Yes,Hubballi Railway Station,15.3515,75.1387,Cloudy,405,39.4,0,24.38,Low,20.34,Low
2480,2025-01-16,05:00,Thursday,No,Gokul Road,15.3652,75.1106,Clear,482,38.4,0,27.77,Low,23.13,Low
2481,2025-03-11,18:00,Tuesday,No,Airport Road,15.3705,75.096,Cloudy,752,37.0,0,38.29,Moderate,31.78,Low
2482,2025-01-19,03:00,Sunday,Yes,Airport Road,15.3705,75.096,Clear,371,44.2,0,20.11,Low,16.72,Low
2483,2025-01-17,14:00,Friday,No,Gokul Road,15.3652,75.1106,Clear,321,42.9,0,19.16,Low,15.97,Low
2484,2025-02-21,10:00,Friday,No,Keshwapur,15.3565,75.1325,Rain,1104,34.1,1,56.04,Moderate,51.97,Medium
2485,2025-02-28,22:00,Friday,No,Airport Road,15.3705,75.096,Clear,251,47.0,0,14.05,Low,11.69,Low
2486,2025-04-17,02:00,Thursday,No,Unkal Lake Road,15.373,75.1115,Clear,566,42.0,1,31.81,Low,31.95,Low
2487,2025-04-18,19:00,Friday,No,Vidya Nagar,15.37,75.119,Rain,1018,33.5,1,53.35,Moderate,49.79,Medium
2488,2025-01-24,10:00,Friday,No,Gokul Road,15.3652,75.1106,Fog,888,29.8,1,51.06,Moderate,48.01,Medium
2489,2025-04-14,17:00,Monday,No,MG Road Junction,15.3647,75.1239,Clear,1157,30.8,1,60.03,High,55.32,Medium
2490,2025-02-23,12:00,Sunday,Yes,Unkal Lake Road,15.373,75.1115,Clear,289,43.1,0,17.89,Low,14.93,Low
2491,2025-02-02,04:00,Sunday,Yes,Vidya Nagar,15.37,75.119,Cloudy,297,39.5,0,20.46,Low,17.13,Low
2492,2025-04-10,21:00,Thursday,No,Vidya Nagar,15.37,75.119,Rain,763,40.8,0,36.27,Moderate,30.03,Low
2493,2025-03-26,21:00,Wednesday,No,Gokul Road,15.3652,75.1106,Rain,978,33.7,1,51.79,Moderate,48.51,Medium
2494,2025-04-17,23:00,Thursday,No,Vidya Nagar,15.37,75.119,Clear,389,32.6,0,28.14,Low,23.58,Low
2495,2025-02-25,23:00,Tuesday,No,Gokul Road,15.3652,75.1106,Clear,242,50.1,0,11.76,Low,9.74,Low
2496,2025-04-02,01:00,Wednesday,No,Airport Road,15.3705,75.096,Clear,280,38.4,0,20.56,Low,17.23,Low
2497,2025-03-07,13:00,Friday,No,Hubballi Railway Station,15.3515,75.1387,Cloudy,424,44.4,0,21.88,Low,18.16,Low
2498,2025-02-11,07:00,Tuesday,No,Unkal Lake Road,15.373,75.1115,Cloudy,655,30.5,0,38.97,Moderate,32.49,Low
2499,2025-04-11,15:00,Friday,No,Keshwapur,15.3565,75.1325,Cloudy,550,39.0,0,29.81,Low,24.79,Low
2500,2025-02-21,22:00,Friday,No,Hubballi Railway Station,15.3515,75.1387,Fog,369,40.4,0,22.46,Low,18.74,Low
